category_id,group_id,productId,name,cleanName,url,imageUrl,modifiedOn,extendedData_json
1,122,34323,Abyssal Persecutor,Abyssal Persecutor,https://www.tcgplayer.com/product/34323/magic-worldwake-abyssal-persecutor,https://tcgplayer-cdn.tcgplayer.com/product/34323_200w.jpg,2023-07-19T20:51:33.917,"[{""name"": ""Rarity"", ""displayName"": ""Rarity"", ""value"": ""M""}, {""name"": ""Number"", ""displayName"": ""#"", ""value"": ""47""}, {""name"": ""SubType"", ""displayName"": ""Creature Type or Sub Type"", ""value"": ""Creature \u2014 Demon""}, {""name"": ""P"", ""displayName"": ""P"", ""value"": ""6""}, {""name"": ""T"", ""displayName"": ""T"", ""value"": ""6""}, {""name"": ""OracleText"", ""displayName"": ""Rules Text Contains"", ""value"": ""Flying, trample<br>You can't win the game and your opponents can't lose the game.""}, {""name"": ""FlavorText"", ""displayName"": ""Flavor"", ""value"": ""<em>His slaves crave death more than they desire freedom. He denies them both.</em>""}]"
1,122,34324,Admonition Angel,Admonition Angel,https://www.tcgplayer.com/product/34324/magic-worldwake-admonition-angel,https://tcgplayer-cdn.tcgplayer.com/product/34324_200w.jpg,2023-07-19T20:52:32.157,"[{""name"": ""Rarity"", ""displayName"": ""Rarity"", ""value"": ""M""}, {""name"": ""Number"", ""displayName"": ""#"", ""value"": ""1""}, {""name"": ""SubType"", ""displayName"": ""Creature Type or Sub Type"", ""value"": ""Creature\u2014 Angel""}, {""name"": ""P"", ""displayName"": ""P"", ""value"": ""6""}, {""name"": ""T"", ""displayName"": ""T"", ""value"": ""6""}, {""name"": ""OracleText"", ""displayName"": ""Rules Text Contains"", ""value"": ""Flying<br>\r\n<em>Landfall</em> \u2014 Whenever a land enters the battlefield under your control, you may exile target nonland permanent other than Admonition Angel.<br> When Admonition Angel leaves the battlefield, return all cards exiled with it to the battlefield under their owners' control.""}]"
1,122,34325,Aether Tradewinds,Aether Tradewinds,https://www.tcgplayer.com/product/34325/magic-worldwake-aether-tradewinds,https://tcgplayer-cdn.tcgplayer.com/product/34325_200w.jpg,2023-07-19T20:54:56.993,"[{""name"": ""Rarity"", ""displayName"": ""Rarity"", ""value"": ""C""}, {""name"": ""Number"", ""displayName"": ""#"", ""value"": ""24""}, {""name"": ""SubType"", ""displayName"": ""Creature Type or Sub Type"", ""value"": ""Instant""}, {""name"": ""OracleText"", ""displayName"": ""Rules Text Contains"", ""value"": ""Return target permanent you control and target permanent you don't control to their owners' hands.""}, {""name"": ""FlavorText"", ""displayName"": ""Flavor"", ""value"": ""<em>\""The wind smells of misfortune. Check your knots.\""<br> \u2014Anitan, Ondu cleric</em>""}]"
1,122,34326,Agadeem Occultist,Agadeem Occultist,https://www.tcgplayer.com/product/34326/magic-worldwake-agadeem-occultist,https://tcgplayer-cdn.tcgplayer.com/product/34326_200w.jpg,2025-05-15T20:51:50.673,"[{""name"": ""Rarity"", ""displayName"": ""Rarity"", ""value"": ""R""}, {""name"": ""Number"", ""displayName"": ""#"", ""value"": ""48""}, {""name"": ""SubType"", ""displayName"": ""Creature Type or Sub Type"", ""value"": ""Creature \u2014Human Shaman Ally""}, {""name"": ""P"", ""displayName"": ""P"", ""value"": ""0""}, {""name"": ""T"", ""displayName"": ""T"", ""value"": ""2""}, {""name"": ""OracleText"", ""displayName"": ""Rules Text Contains"", ""value"": ""T: Put target creature card from an opponent's graveyard onto the battlefield under your control if its converted mana cost is less than or equal to the number of Allies you control.""}]"
1,122,34327,Akoum Battlesinger,Akoum Battlesinger,https://www.tcgplayer.com/product/34327/magic-worldwake-akoum-battlesinger,https://tcgplayer-cdn.tcgplayer.com/product/34327_200w.jpg,2023-07-20T12:24:00.433,"[{""name"": ""Rarity"", ""displayName"": ""Rarity"", ""value"": ""C""}, {""name"": ""Number"", ""displayName"": ""#"", ""value"": ""71""}, {""name"": ""SubType"", ""displayName"": ""Creature Type or Sub Type"", ""value"": ""Creature \u2014 Human Berserker Ally""}, {""name"": ""P"", ""displayName"": ""P"", ""value"": ""1""}, {""name"": ""T"", ""displayName"": ""T"", ""value"": ""1""}, {""name"": ""OracleText"", ""displayName"": ""Rules Text Contains"", ""value"": ""Haste<br>Whenever Akoum Battlesinger or another Ally enters the battlefield under your control, you may have Ally creatures you control get +1/+0 until end of turn.""}]"
1,122,34328,Amulet of Vigor,Amulet of Vigor,https://www.tcgplayer.com/product/34328/magic-worldwake-amulet-of-vigor,https://tcgplayer-cdn.tcgplayer.com/product/34328_200w.jpg,2025-12-03T13:32:33.083,"[{""name"": ""Rarity"", ""displayName"": ""Rarity"", ""value"": ""R""}, {""name"": ""Number"", ""displayName"": ""#"", ""value"": ""121""}, {""name"": ""SubType"", ""displayName"": ""Creature Type or Sub Type"", ""value"": ""Artifact""}, {""name"": ""OracleText"", ""displayName"": ""Rules Text Contains"", ""value"": ""Whenever a permanent enters the battlefield tapped and under your control, untap it.""}, {""name"": ""FlavorText"", ""displayName"": ""Flavor"", ""value"": ""<em>\""After years of study, I've learned an important lesson: the relics we watch may be watching us back.\""<br> \u2014Anowon, the Ruin Sage</em>""}]"
1,122,34329,"Anowon, the Ruin Sage",Anowon the Ruin Sage,https://www.tcgplayer.com/product/34329/magic-worldwake-anowon-the-ruin-sage,https://tcgplayer-cdn.tcgplayer.com/product/34329_200w.jpg,2026-04-29T22:57:22.287,"[{""name"": ""Rarity"", ""displayName"": ""Rarity"", ""value"": ""R""}, {""name"": ""Number"", ""displayName"": ""#"", ""value"": ""49""}, {""name"": ""SubType"", ""displayName"": ""Creature Type or Sub Type"", ""value"": ""Legendary Creature \u2014 Vampire Shaman""}, {""name"": ""P"", ""displayName"": ""P"", ""value"": ""4""}, {""name"": ""T"", ""displayName"": ""T"", ""value"": ""3""}, {""name"": ""OracleText"", ""displayName"": ""Rules Text Contains"", ""value"": ""At the beginning of your upkeep, each player sacrifices a non-Vampire creature.""}, {""name"": ""FlavorText"", ""displayName"": ""Flavor"", ""value"": ""<em>\""So many have died in search of that map. And now it appears in the hands of the arrogant child Chandra Nalaar.\""</em>""}]"
1,122,34330,Apex Hawks,Apex Hawks,https://www.tcgplayer.com/product/34330/magic-worldwake-apex-hawks,https://tcgplayer-cdn.tcgplayer.com/product/34330_200w.jpg,2023-07-26T19:09:25.067,"[{""name"": ""Rarity"", ""displayName"": ""Rarity"", ""value"": ""C""}, {""name"": ""Number"", ""displayName"": ""#"", ""value"": ""2""}, {""name"": ""SubType"", ""displayName"": ""Creature Type or Sub Type"", ""value"": ""Creature \u2014 Bird""}, {""name"": ""P"", ""displayName"": ""P"", ""value"": ""2""}, {""name"": ""T"", ""displayName"": ""T"", ""value"": ""2""}, {""name"": ""OracleText"", ""displayName"": ""Rules Text Contains"", ""value"": ""Multikicker 1W <em>(You may pay an additional 1W any number of times as you cast this spell.)</em><br>Flying<br>Apex Hawks enters the battlefield with a +1/+1 counter on it for each time it was kicked.""}]"
1,122,34331,Arbor Elf,Arbor Elf,https://www.tcgplayer.com/product/34331/magic-worldwake-arbor-elf,https://tcgplayer-cdn.tcgplayer.com/product/34331_200w.jpg,2024-10-20T12:47:36.43,"[{""name"": ""Rarity"", ""displayName"": ""Rarity"", ""value"": ""C""}, {""name"": ""Number"", ""displayName"": ""#"", ""value"": ""95""}, {""name"": ""SubType"", ""displayName"": ""Creature Type or Sub Type"", ""value"": ""Creature \u2014 Elf Druid""}, {""name"": ""P"", ""displayName"": ""P"", ""value"": ""1""}, {""name"": ""T"", ""displayName"": ""T"", ""value"": ""1""}, {""name"": ""OracleText"", ""displayName"": ""Rules Text Contains"", ""value"": ""T: Untap target Forest.""}, {""name"": ""FlavorText"", ""displayName"": ""Flavor"", ""value"": ""<em> The Mul Daya elves reject their Tajuru kin, calling them arrogant tree-binders who think the roots serve the canopy.</em>""}]"
1,122,34332,Archon of Redemption,Archon of Redemption,https://www.tcgplayer.com/product/34332/magic-worldwake-archon-of-redemption,https://tcgplayer-cdn.tcgplayer.com/product/34332_200w.jpg,2023-07-26T19:11:49.187,"[{""name"": ""Rarity"", ""displayName"": ""Rarity"", ""value"": ""R""}, {""name"": ""Number"", ""displayName"": ""#"", ""value"": ""3""}, {""name"": ""SubType"", ""displayName"": ""Creature Type or Sub Type"", ""value"": ""Creature \u2014 Archon""}, {""name"": ""P"", ""displayName"": ""P"", ""value"": ""3""}, {""name"": ""T"", ""displayName"": ""T"", ""value"": ""4""}, {""name"": ""OracleText"", ""displayName"": ""Rules Text Contains"", ""value"": ""Flying<br>Whenever Archon of Redemption or another creature with flying enters the battlefield under your control, you may gain life equal to that creature's power.""}, {""name"": ""FlavorText"", ""displayName"": ""Flavor"", ""value"": ""<em>Until Emeria is freed, he raises his sword in her name.</em>""}]"
1,122,34333,Avenger of Zendikar,Avenger of Zendikar,https://www.tcgplayer.com/product/34333/magic-worldwake-avenger-of-zendikar,https://tcgplayer-cdn.tcgplayer.com/product/34333_200w.jpg,2023-08-27T12:44:52.96,"[{""name"": ""Rarity"", ""displayName"": ""Rarity"", ""value"": ""M""}, {""name"": ""Number"", ""displayName"": ""#"", ""value"": ""96""}, {""name"": ""SubType"", ""displayName"": ""Creature Type or Sub Type"", ""value"": ""Creature \u2014 Elemental""}, {""name"": ""P"", ""displayName"": ""P"", ""value"": ""5""}, {""name"": ""T"", ""displayName"": ""T"", ""value"": ""5""}, {""name"": ""OracleText"", ""displayName"": ""Rules Text Contains"", ""value"": ""When Avenger of Zendikar enters the battlefield, put a 0/1 green Plant creature token onto the battlefield for each land you control.<br>\r\n<em>Landfall</em> \u2014 Whenever a land enters the battlefield under your control, you may put a +1/+1 counter on each Plant creature you control.""}]"
1,122,34334,Basilisk Collar,Basilisk Collar,https://www.tcgplayer.com/product/34334/magic-worldwake-basilisk-collar,https://tcgplayer-cdn.tcgplayer.com/product/34334_200w.jpg,2026-06-02T00:18:33.2,"[{""name"": ""Rarity"", ""displayName"": ""Rarity"", ""value"": ""R""}, {""name"": ""Number"", ""displayName"": ""#"", ""value"": ""122""}, {""name"": ""SubType"", ""displayName"": ""Creature Type or Sub Type"", ""value"": ""Artifact \u2014 Equipment""}, {""name"": ""OracleText"", ""displayName"": ""Rules Text Contains"", ""value"": ""Equipped creature has deathtouch and lifelink.<br>Equip 2""}, {""name"": ""FlavorText"", ""displayName"": ""Flavor"", ""value"": ""<em>During their endless travels, the mages of the Goma Fada caravan have learned ways to harness both life and death.</em>""}]"
1,122,34335,Battle Hurda,Battle Hurda,https://www.tcgplayer.com/product/34335/magic-worldwake-battle-hurda,https://tcgplayer-cdn.tcgplayer.com/product/34335_200w.jpg,2023-07-20T12:37:32.047,"[{""name"": ""Rarity"", ""displayName"": ""Rarity"", ""value"": ""C""}, {""name"": ""Number"", ""displayName"": ""#"", ""value"": ""4""}, {""name"": ""SubType"", ""displayName"": ""Creature Type or Sub Type"", ""value"": ""Creature \u2014 Giant""}, {""name"": ""P"", ""displayName"": ""P"", ""value"": ""3""}, {""name"": ""T"", ""displayName"": ""T"", ""value"": ""3""}, {""name"": ""OracleText"", ""displayName"": ""Rules Text Contains"", ""value"": ""First strike""}, {""name"": ""FlavorText"", ""displayName"": ""Flavor"", ""value"": ""<em>\""Murasan hurdas were too aggressive to tolerate a harness, so we put them on guard duty. Now the bandits can't get within spitting distance of us.\""<br>\u2014Bruse Tarl, Goma Fada nomad</em>""}]"
1,122,34336,Bazaar Trader,Bazaar Trader,https://www.tcgplayer.com/product/34336/magic-worldwake-bazaar-trader,https://tcgplayer-cdn.tcgplayer.com/product/34336_200w.jpg,2023-07-26T19:15:04.667,"[{""name"": ""Rarity"", ""displayName"": ""Rarity"", ""value"": ""R""}, {""name"": ""Number"", ""displayName"": ""#"", ""value"": ""72""}, {""name"": ""SubType"", ""displayName"": ""Creature Type or Sub Type"", ""value"": ""Creature \u2014 Goblin""}, {""name"": ""P"", ""displayName"": ""P"", ""value"": ""1""}, {""name"": ""T"", ""displayName"": ""T"", ""value"": ""1""}, {""name"": ""OracleText"", ""displayName"": ""Rules Text Contains"", ""value"": ""T: Target player gains control of target artifact, creature, or land you control.""}, {""name"": ""FlavorText"", ""displayName"": ""Flavor"", ""value"": ""<em>\""No need for a hurda? How about these maps to recently discovered tombs? Or these vials of invisible potion? Very fancy . . .\""</em>""}]"
1,122,34337,Bestial Menace,Bestial Menace,https://www.tcgplayer.com/product/34337/magic-worldwake-bestial-menace,https://tcgplayer-cdn.tcgplayer.com/product/34337_200w.jpg,2023-07-20T12:39:03.06,"[{""name"": ""Rarity"", ""displayName"": ""Rarity"", ""value"": ""U""}, {""name"": ""Number"", ""displayName"": ""#"", ""value"": ""97""}, {""name"": ""SubType"", ""displayName"": ""Creature Type or Sub Type"", ""value"": ""Sorcery""}, {""name"": ""OracleText"", ""displayName"": ""Rules Text Contains"", ""value"": ""Put a 1/1 green Snake creature token, a 2/2 green Wolf creature token, and a 3/3 green Elephant creature token onto the battlefield.""}, {""name"": ""FlavorText"", ""displayName"": ""Flavor"", ""value"": ""<em>\""My battle cry reaches ears far keener than yours.\"" \u2014Saidah, Joraga hunter</em>""}]"
1,122,34338,Bloodhusk Ritualist,Bloodhusk Ritualist,https://www.tcgplayer.com/product/34338/magic-worldwake-bloodhusk-ritualist,https://tcgplayer-cdn.tcgplayer.com/product/34338_200w.jpg,2023-07-26T19:52:23.583,"[{""name"": ""Rarity"", ""displayName"": ""Rarity"", ""value"": ""U""}, {""name"": ""Number"", ""displayName"": ""#"", ""value"": ""50""}, {""name"": ""SubType"", ""displayName"": ""Creature Type or Sub Type"", ""value"": ""Creature \u2014 Vampire Shaman""}, {""name"": ""P"", ""displayName"": ""P"", ""value"": ""2""}, {""name"": ""T"", ""displayName"": ""T"", ""value"": ""2""}, {""name"": ""OracleText"", ""displayName"": ""Rules Text Contains"", ""value"": ""Multikicker B <em>(You may pay an additional B any number of times as you cast this spell.)</em><br>When Bloodhusk Ritualist enters the battlefield, target opponent discards a card for each time it was kicked.""}]"
1,122,34339,Bojuka Bog,Bojuka Bog,https://www.tcgplayer.com/product/34339/magic-worldwake-bojuka-bog,https://tcgplayer-cdn.tcgplayer.com/product/34339_200w.jpg,2026-06-24T18:43:06.277,"[{""name"": ""Rarity"", ""displayName"": ""Rarity"", ""value"": ""C""}, {""name"": ""Number"", ""displayName"": ""#"", ""value"": ""132""}, {""name"": ""SubType"", ""displayName"": ""Creature Type or Sub Type"", ""value"": ""Land""}, {""name"": ""OracleText"", ""displayName"": ""Rules Text Contains"", ""value"": ""Bojuka Bog enters the battlefield tapped.<br>When Bojuka Bog enters the battlefield, exile all cards from target player's graveyard.<br>T: Add B to your mana pool.""}]"
1,122,34340,Bojuka Brigand,Bojuka Brigand,https://www.tcgplayer.com/product/34340/magic-worldwake-bojuka-brigand,https://tcgplayer-cdn.tcgplayer.com/product/34340_200w.jpg,2025-05-15T20:51:50.23,"[{""name"": ""Rarity"", ""displayName"": ""Rarity"", ""value"": ""C""}, {""name"": ""Number"", ""displayName"": ""#"", ""value"": ""51""}, {""name"": ""SubType"", ""displayName"": ""Creature Type or Sub Type"", ""value"": ""Creature \u2014 Human Warrior Ally""}, {""name"": ""P"", ""displayName"": ""P"", ""value"": ""1""}, {""name"": ""T"", ""displayName"": ""T"", ""value"": ""1""}, {""name"": ""OracleText"", ""displayName"": ""Rules Text Contains"", ""value"": ""Bojuka Brigand can't block.<br>Whenever Bojuka Brigand or another Ally enters the battlefield under your control, you may put a +1/+1 counter on Bojuka Brigand.""}, {""name"": ""FlavorText"", ""displayName"": ""Flavor"", ""value"": ""<em>\""I don't do tactics. I don't do guard duty. I do damage. Take it or leave it.\""</em>""}]"
1,122,34341,Brink of Disaster,Brink of Disaster,https://www.tcgplayer.com/product/34341/magic-worldwake-brink-of-disaster,https://tcgplayer-cdn.tcgplayer.com/product/34341_200w.jpg,2023-07-20T12:48:35.6,"[{""name"": ""Rarity"", ""displayName"": ""Rarity"", ""value"": ""C""}, {""name"": ""Number"", ""displayName"": ""#"", ""value"": ""52""}, {""name"": ""SubType"", ""displayName"": ""Creature Type or Sub Type"", ""value"": ""Enchantment \u2014 Aura""}, {""name"": ""OracleText"", ""displayName"": ""Rules Text Contains"", ""value"": ""Enchant creature or land<br>When enchanted permanent becomes tapped, destroy it.""}, {""name"": ""FlavorText"", ""displayName"": ""Flavor"", ""value"": ""<em>\""You always have a choice. That doesn't mean you always have a good choice.\""<br> \u2014Alubri, Guul Draz gatekeeper</em>""}]"
1,122,34342,Bull Rush,Bull Rush,https://www.tcgplayer.com/product/34342/magic-worldwake-bull-rush,https://tcgplayer-cdn.tcgplayer.com/product/34342_200w.jpg,2023-07-20T12:52:33.403,"[{""name"": ""Rarity"", ""displayName"": ""Rarity"", ""value"": ""C""}, {""name"": ""Number"", ""displayName"": ""#"", ""value"": ""73""}, {""name"": ""SubType"", ""displayName"": ""Creature Type or Sub Type"", ""value"": ""Instant""}, {""name"": ""OracleText"", ""displayName"": ""Rules Text Contains"", ""value"": ""Target creature gets +2/+0 until end of turn.""}, {""name"": ""FlavorText"", ""displayName"": ""Flavor"", ""value"": ""<em>\""It's gone mad! Loose the chains and save what you can!\""</em>""}]"
1,122,34343,Butcher of Malakir,Butcher of Malakir,https://www.tcgplayer.com/product/34343/magic-worldwake-butcher-of-malakir,https://tcgplayer-cdn.tcgplayer.com/product/34343_200w.jpg,2024-12-20T13:50:53.093,"[{""name"": ""Rarity"", ""displayName"": ""Rarity"", ""value"": ""R""}, {""name"": ""Number"", ""displayName"": ""#"", ""value"": ""53""}, {""name"": ""SubType"", ""displayName"": ""Creature Type or Sub Type"", ""value"": ""Creature \u2014 Vampire Warrior""}, {""name"": ""P"", ""displayName"": ""P"", ""value"": ""5""}, {""name"": ""T"", ""displayName"": ""T"", ""value"": ""4""}, {""name"": ""OracleText"", ""displayName"": ""Rules Text Contains"", ""value"": ""Flying<br>Whenever Butcher of Malakir or another creature you control is put into a graveyard from the battlefield, each opponent sacrifices a creature.""}, {""name"": ""FlavorText"", ""displayName"": ""Flavor"", ""value"": ""<em>His verdict is always guilty. His sentence is always death.</em>""}]"
1,122,34344,Calcite Snapper,Calcite Snapper,https://www.tcgplayer.com/product/34344/magic-worldwake-calcite-snapper,https://tcgplayer-cdn.tcgplayer.com/product/34344_200w.jpg,2025-05-15T20:51:49.197,"[{""name"": ""Rarity"", ""displayName"": ""Rarity"", ""value"": ""C""}, {""name"": ""Number"", ""displayName"": ""#"", ""value"": ""25""}, {""name"": ""SubType"", ""displayName"": ""Creature Type or Sub Type"", ""value"": ""Creature \u2014 Turtle""}, {""name"": ""P"", ""displayName"": ""P"", ""value"": ""1""}, {""name"": ""T"", ""displayName"": ""T"", ""value"": ""4""}, {""name"": ""OracleText"", ""displayName"": ""Rules Text Contains"", ""value"": ""Shroud <em>(This creature can't be the target of spells or abilities.)</em><br><em>Landfall</em> \u2014 Whenever a land enters the battlefield under your control, you may switch Calcite Snapper's power and toughness until end of turn.""}]"
1,122,34345,Canopy Cover,Canopy Cover,https://www.tcgplayer.com/product/34345/magic-worldwake-canopy-cover,https://tcgplayer-cdn.tcgplayer.com/product/34345_200w.jpg,2024-05-01T16:16:24.503,"[{""name"": ""Rarity"", ""displayName"": ""Rarity"", ""value"": ""U""}, {""name"": ""Number"", ""displayName"": ""#"", ""value"": ""98""}, {""name"": ""SubType"", ""displayName"": ""Creature Type or Sub Type"", ""value"": ""Enchantment Aura""}, {""name"": ""OracleText"", ""displayName"": ""Rules Text Contains"", ""value"": ""Enchant creature<br>Enchanted creature can't be blocked except by creatures with flying or reach.<br>Enchanted creature can't be the target of spells or abilities your opponents control.""}]"
1,122,34346,Caustic Crawler,Caustic Crawler,https://www.tcgplayer.com/product/34346/magic-worldwake-caustic-crawler,https://tcgplayer-cdn.tcgplayer.com/product/34346_200w.jpg,2023-07-20T12:58:10.95,"[{""name"": ""Rarity"", ""displayName"": ""Rarity"", ""value"": ""U""}, {""name"": ""Number"", ""displayName"": ""#"", ""value"": ""54""}, {""name"": ""SubType"", ""displayName"": ""Creature Type or Sub Type"", ""value"": ""Creature \u2014 Insect""}, {""name"": ""P"", ""displayName"": ""P"", ""value"": ""4""}, {""name"": ""T"", ""displayName"": ""T"", ""value"": ""3""}, {""name"": ""OracleText"", ""displayName"": ""Rules Text Contains"", ""value"": ""<em>Landfall</em> \u2014 Whenever a land enters the battlefield under your control, you may have target creature get -1/-1 until end of turn.""}, {""name"": ""FlavorText"", ""displayName"": ""Flavor"", ""value"": ""<em>Novice explorers can mistake the acid-carved stone lairs for ancient ruins. They rarely survive to learn better.</em>""}]"
1,122,34347,Celestial Colonnade,Celestial Colonnade,https://www.tcgplayer.com/product/34347/magic-worldwake-celestial-colonnade,https://tcgplayer-cdn.tcgplayer.com/product/34347_200w.jpg,2024-10-03T10:56:08.267,"[{""name"": ""Rarity"", ""displayName"": ""Rarity"", ""value"": ""R""}, {""name"": ""Number"", ""displayName"": ""#"", ""value"": ""133""}, {""name"": ""SubType"", ""displayName"": ""Creature Type or Sub Type"", ""value"": ""Land""}, {""name"": ""OracleText"", ""displayName"": ""Rules Text Contains"", ""value"": ""Celestial Colonnade enters the battlefield tapped.<br>T: Add W or U to your mana pool.<br>3WU: Until end of turn, Celestial Colonnade becomes a 4/4 white and blue Elemental creature with flying and vigilance. It's still a land.""}]"
1,122,34348,Chain Reaction,Chain Reaction,https://www.tcgplayer.com/product/34348/magic-worldwake-chain-reaction,https://tcgplayer-cdn.tcgplayer.com/product/34348_200w.jpg,2023-07-20T13:00:20.303,"[{""name"": ""Rarity"", ""displayName"": ""Rarity"", ""value"": ""R""}, {""name"": ""Number"", ""displayName"": ""#"", ""value"": ""74""}, {""name"": ""SubType"", ""displayName"": ""Creature Type or Sub Type"", ""value"": ""Sorcery""}, {""name"": ""OracleText"", ""displayName"": ""Rules Text Contains"", ""value"": ""Chain Reaction deals X damage to each creature, where X is the number of creatures on the battlefield.""}, {""name"": ""FlavorText"", ""displayName"": ""Flavor"", ""value"": ""<em>\""We train for the improbable, like lightning striking the same place twice, or striking everywhere at once.\""<br> \u2014Nundari, Sea Gate militia captain</em>""}]"
1,122,34349,Claws of Valakut,Claws of Valakut,https://www.tcgplayer.com/product/34349/magic-worldwake-claws-of-valakut,https://tcgplayer-cdn.tcgplayer.com/product/34349_200w.jpg,2026-02-19T14:17:46.42,"[{""name"": ""Rarity"", ""displayName"": ""Rarity"", ""value"": ""C""}, {""name"": ""Number"", ""displayName"": ""#"", ""value"": ""75""}, {""name"": ""SubType"", ""displayName"": ""Creature Type or Sub Type"", ""value"": ""Enchantment \u2014 Aura""}, {""name"": ""OracleText"", ""displayName"": ""Rules Text Contains"", ""value"": ""Enchant creature<br>Enchanted creature gets +1/+0 for each Mountain you control and has first strike.""}, {""name"": ""FlavorText"", ""displayName"": ""Flavor"", ""value"": ""<em>\""Swords may sunder. Shields may fail. My will is stronger than steel, and my flesh and bone far more deadly.\""</em>""}]"
1,122,34350,Comet Storm,Comet Storm,https://www.tcgplayer.com/product/34350/magic-worldwake-comet-storm,https://tcgplayer-cdn.tcgplayer.com/product/34350_200w.jpg,2023-07-26T20:04:45.883,"[{""name"": ""Rarity"", ""displayName"": ""Rarity"", ""value"": ""M""}, {""name"": ""Number"", ""displayName"": ""#"", ""value"": ""76""}, {""name"": ""SubType"", ""displayName"": ""Creature Type or Sub Type"", ""value"": ""Instant""}, {""name"": ""OracleText"", ""displayName"": ""Rules Text Contains"", ""value"": ""Multikicker 1 <em>(You may pay an additional 1 any number of times as you cast this spell.)</em><br>Choose target creature or player, then choose another target creature or player for each time Comet Storm was kicked. Comet Storm deals X damage to each of them.""}]"
1,122,34351,Corrupted Zendikon,Corrupted Zendikon,https://www.tcgplayer.com/product/34351/magic-worldwake-corrupted-zendikon,https://tcgplayer-cdn.tcgplayer.com/product/34351_200w.jpg,2023-07-20T13:04:39.52,"[{""name"": ""Rarity"", ""displayName"": ""Rarity"", ""value"": ""C""}, {""name"": ""Number"", ""displayName"": ""#"", ""value"": ""55""}, {""name"": ""SubType"", ""displayName"": ""Creature Type or Sub Type"", ""value"": ""Enchantment \u2014 Aura""}, {""name"": ""OracleText"", ""displayName"": ""Rules Text Contains"", ""value"": ""Enchant land<br>Enchanted land is a 3/3 black Ooze creature. It's still a land.<br>When enchanted land is put into a graveyard, return that card to its owner's hand.""}]"
1,122,34352,Cosi's Ravager,Cosis Ravager,https://www.tcgplayer.com/product/34352/magic-worldwake-cosis-ravager,https://tcgplayer-cdn.tcgplayer.com/product/34352_200w.jpg,2023-07-20T13:06:10.04,"[{""name"": ""Rarity"", ""displayName"": ""Rarity"", ""value"": ""C""}, {""name"": ""Number"", ""displayName"": ""#"", ""value"": ""77""}, {""name"": ""SubType"", ""displayName"": ""Creature Type or Sub Type"", ""value"": ""Creature \u2014 Elemental""}, {""name"": ""P"", ""displayName"": ""P"", ""value"": ""2""}, {""name"": ""T"", ""displayName"": ""T"", ""value"": ""2""}, {""name"": ""OracleText"", ""displayName"": ""Rules Text Contains"", ""value"": ""<em>Landfall</em> \u2014 Whenever a land enters the battlefield under your control, you may have Cosi's Ravager deal 1 damage to target player.""}, {""name"": ""FlavorText"", ""displayName"": ""Flavor"", ""value"": ""<em>\""Cosi has many followers. Even the volcano finds a way to do his bidding.\""<br> \u2014Zakken, Enclave cleric</em>""}]"
1,122,34353,Creeping Tar Pit,Creeping Tar Pit,https://www.tcgplayer.com/product/34353/magic-worldwake-creeping-tar-pit,https://tcgplayer-cdn.tcgplayer.com/product/34353_200w.jpg,2023-07-26T20:13:09.707,"[{""name"": ""Rarity"", ""displayName"": ""Rarity"", ""value"": ""R""}, {""name"": ""Number"", ""displayName"": ""#"", ""value"": ""134""}, {""name"": ""SubType"", ""displayName"": ""Creature Type or Sub Type"", ""value"": ""Land""}, {""name"": ""OracleText"", ""displayName"": ""Rules Text Contains"", ""value"": ""Creeping Tar Pit enters the battlefield tapped.<br>{T}: Add U or B to your mana pool.<br>1UB: Until end of turn, Creeping Tar Pit becomes a 3/2 blue and black Elemental creature and is unblockable. It's still a land.""}]"
1,122,34354,Crusher Zendikon,Crusher Zendikon,https://www.tcgplayer.com/product/34354/magic-worldwake-crusher-zendikon,https://tcgplayer-cdn.tcgplayer.com/product/34354_200w.jpg,2023-07-20T13:11:33.113,"[{""name"": ""Rarity"", ""displayName"": ""Rarity"", ""value"": ""C""}, {""name"": ""Number"", ""displayName"": ""#"", ""value"": ""78""}, {""name"": ""SubType"", ""displayName"": ""Creature Type or Sub Type"", ""value"": ""Enchantment \u2014 Aura""}, {""name"": ""OracleText"", ""displayName"": ""Rules Text Contains"", ""value"": ""Enchant land<br>Enchanted land is a 4/2 red Beast creature with trample. It's still a land. <br>When enchanted land is put into a graveyard, return that card to its owner's hand.""}]"
1,122,34355,Cunning Sparkmage,Cunning Sparkmage,https://www.tcgplayer.com/product/34355/magic-worldwake-cunning-sparkmage,https://tcgplayer-cdn.tcgplayer.com/product/34355_200w.jpg,2025-03-29T09:04:29.767,"[{""name"": ""Rarity"", ""displayName"": ""Rarity"", ""value"": ""U""}, {""name"": ""Number"", ""displayName"": ""#"", ""value"": ""79""}, {""name"": ""SubType"", ""displayName"": ""Creature Type or Sub Type"", ""value"": ""Creature \u2014 Human Shaman""}, {""name"": ""P"", ""displayName"": ""P"", ""value"": ""0""}, {""name"": ""T"", ""displayName"": ""T"", ""value"": ""1""}, {""name"": ""OracleText"", ""displayName"": ""Rules Text Contains"", ""value"": ""Haste<br>T: Cunning Sparkmage deals 1 damage to target creature or player.""}, {""name"": ""FlavorText"", ""displayName"": ""Flavor"", ""value"": ""<em>\""I see the weaknesses you hide even from yourself.\""</em>""}]"
1,122,34356,Dead Reckoning,Dead Reckoning,https://www.tcgplayer.com/product/34356/magic-worldwake-dead-reckoning,https://tcgplayer-cdn.tcgplayer.com/product/34356_200w.jpg,2023-07-20T13:09:58.453,"[{""name"": ""Rarity"", ""displayName"": ""Rarity"", ""value"": ""C""}, {""name"": ""Number"", ""displayName"": ""#"", ""value"": ""56""}, {""name"": ""SubType"", ""displayName"": ""Creature Type or Sub Type"", ""value"": ""Sorcery""}, {""name"": ""OracleText"", ""displayName"": ""Rules Text Contains"", ""value"": ""You may put target creature card from your graveyard on top of your library. If you do, Dead Reckoning deals damage equal to that card's power to target creature.""}, {""name"": ""FlavorText"", ""displayName"": ""Flavor"", ""value"": ""<em>Many venture out to hunt for treasures. Others lie in wait to hunt the hunters.<em>""}]"
1,122,34357,Deathforge Shaman,Deathforge Shaman,https://www.tcgplayer.com/product/34357/magic-worldwake-deathforge-shaman,https://tcgplayer-cdn.tcgplayer.com/product/34357_200w.jpg,2023-07-26T20:20:06.25,"[{""name"": ""Rarity"", ""displayName"": ""Rarity"", ""value"": ""U""}, {""name"": ""Number"", ""displayName"": ""#"", ""value"": ""80""}, {""name"": ""SubType"", ""displayName"": ""Creature Type or Sub Type"", ""value"": ""Creature \u2014 Ogre Shaman""}, {""name"": ""P"", ""displayName"": ""P"", ""value"": ""4""}, {""name"": ""T"", ""displayName"": ""T"", ""value"": ""3""}, {""name"": ""OracleText"", ""displayName"": ""Rules Text Contains"", ""value"": ""Multikicker R <em>(You may pay an additional R any number of times as you cast this spell.)</em><br>When Deathforge Shaman enters the battlefield, it deals damage to target player equal to twice the number of times it was kicked.""}]"
1,122,34358,Death's Shadow,Deaths Shadow,https://www.tcgplayer.com/product/34358/magic-worldwake-deaths-shadow,https://tcgplayer-cdn.tcgplayer.com/product/34358_200w.jpg,2024-03-16T19:36:18.413,"[{""name"": ""Rarity"", ""displayName"": ""Rarity"", ""value"": ""R""}, {""name"": ""Number"", ""displayName"": ""#"", ""value"": ""57""}, {""name"": ""SubType"", ""displayName"": ""Creature Type or Sub Type"", ""value"": ""Creature \u2014 Avatar""}, {""name"": ""P"", ""displayName"": ""P"", ""value"": ""13""}, {""name"": ""T"", ""displayName"": ""T"", ""value"": ""13""}, {""name"": ""OracleText"", ""displayName"": ""Rules Text Contains"", ""value"": ""Death's Shadow gets -X/-X, where X is your life total.""}, {""name"": ""FlavorText"", ""displayName"": ""Flavor"", ""value"": ""<em>The shadow of the candle looms tall even as its light grows dim.</em>""}]"
1,122,34359,Dispel,Dispel,https://www.tcgplayer.com/product/34359/magic-worldwake-dispel,https://tcgplayer-cdn.tcgplayer.com/product/34359_200w.jpg,2026-04-01T19:06:43.343,"[{""name"": ""Rarity"", ""displayName"": ""Rarity"", ""value"": ""C""}, {""name"": ""Number"", ""displayName"": ""#"", ""value"": ""26""}, {""name"": ""SubType"", ""displayName"": ""Creature Type or Sub Type"", ""value"": ""Instant""}, {""name"": ""OracleText"", ""displayName"": ""Rules Text Contains"", ""value"": ""Counter target instant spell.""}, {""name"": ""FlavorText"", ""displayName"": ""Flavor"", ""value"": ""<em>The Jwari winds undo reality as easily as they scatter a pile of leaves.</em>""}]"
1,122,34360,Dragonmaster Outcast,Dragonmaster Outcast,https://www.tcgplayer.com/product/34360/magic-worldwake-dragonmaster-outcast,https://tcgplayer-cdn.tcgplayer.com/product/34360_200w.jpg,2023-07-26T20:21:54.047,"[{""name"": ""Rarity"", ""displayName"": ""Rarity"", ""value"": ""M""}, {""name"": ""Number"", ""displayName"": ""#"", ""value"": ""81""}, {""name"": ""SubType"", ""displayName"": ""Creature Type or Sub Type"", ""value"": ""Creature \u2014 Human Shaman""}, {""name"": ""P"", ""displayName"": ""P"", ""value"": ""1""}, {""name"": ""T"", ""displayName"": ""T"", ""value"": ""1""}, {""name"": ""OracleText"", ""displayName"": ""Rules Text Contains"", ""value"": ""At the beginning of your upkeep, if you control six or more lands, put a 5/5 red Dragon creature token with flying onto the battlefield.""}, {""name"": ""FlavorText"", ""displayName"": ""Flavor"", ""value"": ""<em>\""Cast out by my tribe, I am a pariah trapped in this mammal's carcass. Only my true kin hear my cries.\""</em>""}]"
1,122,34361,Dread Statuary,Dread Statuary,https://www.tcgplayer.com/product/34361/magic-worldwake-dread-statuary,https://tcgplayer-cdn.tcgplayer.com/product/34361_200w.jpg,2023-07-20T20:26:21.203,"[{""name"": ""Rarity"", ""displayName"": ""Rarity"", ""value"": ""U""}, {""name"": ""Number"", ""displayName"": ""#"", ""value"": ""135""}, {""name"": ""SubType"", ""displayName"": ""Creature Type or Sub Type"", ""value"": ""Land""}, {""name"": ""OracleText"", ""displayName"": ""Rules Text Contains"", ""value"": ""T: Add 1 to your mana pool.\r\n<br>4: Dread Statuary becomes a 4/2 Golem artifact creature until end of turn. It's still a land.""}, {""name"": ""FlavorText"", ""displayName"": ""Flavor"", ""value"": ""<em>The last reliable landmark in Tazeem just walked away.</em>""}]"
1,122,34362,Enclave Elite,Enclave Elite,https://www.tcgplayer.com/product/34362/magic-worldwake-enclave-elite,https://tcgplayer-cdn.tcgplayer.com/product/34362_200w.jpg,2025-05-15T20:51:49.64,"[{""name"": ""Rarity"", ""displayName"": ""Rarity"", ""value"": ""C""}, {""name"": ""Number"", ""displayName"": ""#"", ""value"": ""27""}, {""name"": ""SubType"", ""displayName"": ""Creature Type or Sub Type"", ""value"": ""Creature \u2014 Merfolk Soldier""}, {""name"": ""P"", ""displayName"": ""P"", ""value"": ""2""}, {""name"": ""T"", ""displayName"": ""T"", ""value"": ""2""}, {""name"": ""OracleText"", ""displayName"": ""Rules Text Contains"", ""value"": ""Multikicker 1U <em>(You may pay an additional 1U any number of times as you cast this spell.)</em>\r\n<br>Islandwalk \r\n<br>Enclave Elite enters the battlefield with a +1/+1 counter on it for each time it was kicked.""}]"
1,122,34363,Everflowing Chalice,Everflowing Chalice,https://www.tcgplayer.com/product/34363/magic-worldwake-everflowing-chalice,https://tcgplayer-cdn.tcgplayer.com/product/34363_200w.jpg,2023-08-13T19:23:49.667,"[{""name"": ""Rarity"", ""displayName"": ""Rarity"", ""value"": ""U""}, {""name"": ""Number"", ""displayName"": ""#"", ""value"": ""123""}, {""name"": ""SubType"", ""displayName"": ""Creature Type or Sub Type"", ""value"": ""Artifact""}, {""name"": ""OracleText"", ""displayName"": ""Rules Text Contains"", ""value"": ""Multikicker 2 <em>(You may pay an additional 2 any number of times as you cast this spell.)</em><br>Everflowing Chalice enters the battlefield with a charge counter on it for each time it was kicked.<br>T: Add 1 to your mana pool for each charge counter on Everflowing Chalice.""}]"
1,122,34364,Explore,Explore,https://www.tcgplayer.com/product/34364/magic-worldwake-explore,https://tcgplayer-cdn.tcgplayer.com/product/34364_200w.jpg,2026-03-19T21:52:43.643,"[{""name"": ""Rarity"", ""displayName"": ""Rarity"", ""value"": ""C""}, {""name"": ""Number"", ""displayName"": ""#"", ""value"": ""99""}, {""name"": ""SubType"", ""displayName"": ""Creature Type or Sub Type"", ""value"": ""Sorcery""}, {""name"": ""OracleText"", ""displayName"": ""Rules Text Contains"", ""value"": ""You may play an additional land this turn.<br>Draw a card.""}, {""name"": ""FlavorText"", ""displayName"": ""Flavor"", ""value"": ""<em>An explorer's reward is a view of tomorrow's possibilities.</em>""}]"
1,122,34365,Eye of Ugin,Eye of Ugin,https://www.tcgplayer.com/product/34365/magic-worldwake-eye-of-ugin,https://tcgplayer-cdn.tcgplayer.com/product/34365_200w.jpg,2026-04-16T15:16:12.243,"[{""name"": ""Rarity"", ""displayName"": ""Rarity"", ""value"": ""M""}, {""name"": ""Number"", ""displayName"": ""#"", ""value"": ""136""}, {""name"": ""SubType"", ""displayName"": ""Creature Type or Sub Type"", ""value"": ""Legendary \u2014 Land""}, {""name"": ""OracleText"", ""displayName"": ""Rules Text Contains"", ""value"": ""Colorless Eldrazi spells you cast cost 2 less to cast.<br>7, T: Search your library for a colorless creature card, reveal it, and put it into your hand. Then shuffle your library.""}, {""name"": ""FlavorText"", ""displayName"": ""Flavor"", ""value"": ""<em>An eye closes. A race awakens.</em>""}]"
1,122,34366,Feral Contest,Feral Contest,https://www.tcgplayer.com/product/34366/magic-worldwake-feral-contest,https://tcgplayer-cdn.tcgplayer.com/product/34366_200w.jpg,2023-07-20T20:34:11.767,"[{""name"": ""Rarity"", ""displayName"": ""Rarity"", ""value"": ""C""}, {""name"": ""Number"", ""displayName"": ""#"", ""value"": ""100""}, {""name"": ""SubType"", ""displayName"": ""Creature Type or Sub Type"", ""value"": ""Sorcery""}, {""name"": ""OracleText"", ""displayName"": ""Rules Text Contains"", ""value"": ""Put a +1/+1 counter on target creature you control. Another target creature blocks it this turn if able.""}, {""name"": ""FlavorText"", ""displayName"": ""Flavor"", ""value"": ""<em>The instinct for survival makes enemies of all.</em>""}]"
1,122,34367,Fledgling Griffin,Fledgling Griffin,https://www.tcgplayer.com/product/34367/magic-worldwake-fledgling-griffin,https://tcgplayer-cdn.tcgplayer.com/product/34367_200w.jpg,2025-05-15T20:51:49.463,"[{""name"": ""Rarity"", ""displayName"": ""Rarity"", ""value"": ""C""}, {""name"": ""Number"", ""displayName"": ""#"", ""value"": ""5""}, {""name"": ""SubType"", ""displayName"": ""Creature Type or Sub Type"", ""value"": ""Creature \u2014 Griffin""}, {""name"": ""P"", ""displayName"": ""P"", ""value"": ""2""}, {""name"": ""T"", ""displayName"": ""T"", ""value"": ""2""}, {""name"": ""OracleText"", ""displayName"": ""Rules Text Contains"", ""value"": ""<em>Landfall</em> \u2014 Whenever a land enters the battlefield under your control, Fledgling Griffin gains flying until end of turn.""}, {""name"": ""FlavorText"", ""displayName"": ""Flavor"", ""value"": ""<em>\""We're making progress, but its desire to explore still far exceeds its ability.\""<br> \u2014Amadi, Halimar griffin-master</em>""}]"
1,122,34368,Gnarlid Pack,Gnarlid Pack,https://www.tcgplayer.com/product/34368/magic-worldwake-gnarlid-pack,https://tcgplayer-cdn.tcgplayer.com/product/34368_200w.jpg,2023-07-26T20:16:45.3,"[{""name"": ""Rarity"", ""displayName"": ""Rarity"", ""value"": ""C""}, {""name"": ""Number"", ""displayName"": ""#"", ""value"": ""101""}, {""name"": ""SubType"", ""displayName"": ""Creature Type or Sub Type"", ""value"": ""Creature \u2014 Beast""}, {""name"": ""P"", ""displayName"": ""P"", ""value"": ""2""}, {""name"": ""T"", ""displayName"": ""T"", ""value"": ""2""}, {""name"": ""OracleText"", ""displayName"": ""Rules Text Contains"", ""value"": ""Multikicker 1G <em>(You may pay an additional 1G any number of times as you cast this spell.)</em><br>Gnarlid Pack enters the battlefield with a +1/+1 counter on it for each time it was kicked.""}]"
1,122,34369,Goblin Roughrider,Goblin Roughrider,https://www.tcgplayer.com/product/34369/magic-worldwake-goblin-roughrider,https://tcgplayer-cdn.tcgplayer.com/product/34369_200w.jpg,2023-07-21T13:08:58.7,"[{""name"": ""Rarity"", ""displayName"": ""Rarity"", ""value"": ""C""}, {""name"": ""Number"", ""displayName"": ""#"", ""value"": ""82""}, {""name"": ""SubType"", ""displayName"": ""Creature Type or Sub Type"", ""value"": ""Creature \u2014 Goblin Knight""}, {""name"": ""P"", ""displayName"": ""P"", ""value"": ""3""}, {""name"": ""T"", ""displayName"": ""T"", ""value"": ""2""}, {""name"": ""FlavorText"", ""displayName"": ""Flavor"", ""value"": ""<em>Astride the bucking creature, Gribble hurtled down the mountainside while his Grotag brethren cheered. It was at that moment that legend of the Skrill Tamer was born.</em>""}]"
1,122,34370,Goliath Sphinx,Goliath Sphinx,https://www.tcgplayer.com/product/34370/magic-worldwake-goliath-sphinx,https://tcgplayer-cdn.tcgplayer.com/product/34370_200w.jpg,2023-07-21T13:11:59.353,"[{""name"": ""Rarity"", ""displayName"": ""Rarity"", ""value"": ""R""}, {""name"": ""Number"", ""displayName"": ""#"", ""value"": ""28""}, {""name"": ""SubType"", ""displayName"": ""Creature Type or Sub Type"", ""value"": ""Creature \u2014 Sphinx""}, {""name"": ""P"", ""displayName"": ""P"", ""value"": ""8""}, {""name"": ""T"", ""displayName"": ""T"", ""value"": ""7""}, {""name"": ""OracleText"", ""displayName"": ""Rules Text Contains"", ""value"": ""Flying""}, {""name"": ""FlavorText"", ""displayName"": ""Flavor"", ""value"": ""<em>He makes his home on the tallest mountain in Sejiri, where the vista is as endless as his patience.</em>""}]"
1,122,34371,Grappler Spider,Grappler Spider,https://www.tcgplayer.com/product/34371/magic-worldwake-grappler-spider,https://tcgplayer-cdn.tcgplayer.com/product/34371_200w.jpg,2023-07-26T20:08:19.11,"[{""name"": ""Rarity"", ""displayName"": ""Rarity"", ""value"": ""C""}, {""name"": ""Number"", ""displayName"": ""#"", ""value"": ""102""}, {""name"": ""SubType"", ""displayName"": ""Creature Type or Sub Type"", ""value"": ""Creature \u2014 Spider""}, {""name"": ""P"", ""displayName"": ""P"", ""value"": ""2""}, {""name"": ""T"", ""displayName"": ""T"", ""value"": ""1""}, {""name"": ""OracleText"", ""displayName"": ""Rules Text Contains"", ""value"": ""Reach <em>(This creature can block creatures with flying.)</em>""}, {""name"": ""FlavorText"", ""displayName"": ""Flavor"", ""value"": ""<em>Creatures of the air wisely avoid the darkest regions of Guul Draz\u2014which is why grappler spiders inhabit the few places touched by the sun's rays.</em>""}]"
1,122,34372,Graypelt Hunter,Graypelt Hunter,https://www.tcgplayer.com/product/34372/magic-worldwake-graypelt-hunter,https://tcgplayer-cdn.tcgplayer.com/product/34372_200w.jpg,2026-04-25T04:47:49.273,"[{""name"": ""Rarity"", ""displayName"": ""Rarity"", ""value"": ""C""}, {""name"": ""Number"", ""displayName"": ""#"", ""value"": ""103""}, {""name"": ""SubType"", ""displayName"": ""Creature Type or Sub Type"", ""value"": ""Creature \u2014 Human Warrior Ally""}, {""name"": ""P"", ""displayName"": ""P"", ""value"": ""2""}, {""name"": ""T"", ""displayName"": ""T"", ""value"": ""2""}, {""name"": ""OracleText"", ""displayName"": ""Rules Text Contains"", ""value"": ""Trample<br>Whenever Graypelt Hunter or another Ally enters the battlefield under your control, you may put a +1/+1 counter on Graypelt Hunter.</b>""}, {""name"": ""FlavorText"", ""displayName"": ""Flavor"", ""value"": ""<em>He'll cleave wood and bone alike to carve a path for his allies.</em>""}]"
1,122,34373,Grotag Thrasher,Grotag Thrasher,https://www.tcgplayer.com/product/34373/magic-worldwake-grotag-thrasher,https://tcgplayer-cdn.tcgplayer.com/product/34373_200w.jpg,2023-07-21T13:18:47.483,"[{""name"": ""Rarity"", ""displayName"": ""Rarity"", ""value"": ""C""}, {""name"": ""Number"", ""displayName"": ""#"", ""value"": ""83""}, {""name"": ""SubType"", ""displayName"": ""Creature Type or Sub Type"", ""value"": ""Creature \u2014 Lizard""}, {""name"": ""P"", ""displayName"": ""P"", ""value"": ""3""}, {""name"": ""T"", ""displayName"": ""T"", ""value"": ""3""}, {""name"": ""OracleText"", ""displayName"": ""Rules Text Contains"", ""value"": ""Whenever Grotag Thrasher attacks, target creature can't block this turn.""}, {""name"": ""FlavorText"", ""displayName"": ""Flavor"", ""value"": ""<em>The goblin fancied himself a rider. The lizard was happy with its new flail.</em>""}]"
1,122,34374,Groundswell,Groundswell,https://www.tcgplayer.com/product/34374/magic-worldwake-groundswell,https://tcgplayer-cdn.tcgplayer.com/product/34374_200w.jpg,2026-06-24T17:50:22.857,"[{""name"": ""Rarity"", ""displayName"": ""Rarity"", ""value"": ""C""}, {""name"": ""Number"", ""displayName"": ""#"", ""value"": ""104""}, {""name"": ""SubType"", ""displayName"": ""Creature Type or Sub Type"", ""value"": ""Instant""}, {""name"": ""OracleText"", ""displayName"": ""Rules Text Contains"", ""value"": ""Target creature gets +2/+2 until end of turn.<br><em>Landfall</em> \u2014 If you had a land enter the battlefield under your control this turn, that creature gets +4/+4 until end of turn instead.""}, {""name"": ""FlavorText"", ""displayName"": ""Flavor"", ""value"": ""<em>\""This world will not be tamed.\""</em>""}]"
1,122,34375,Guardian Zendikon,Guardian Zendikon,https://www.tcgplayer.com/product/34375/magic-worldwake-guardian-zendikon,https://tcgplayer-cdn.tcgplayer.com/product/34375_200w.jpg,2023-07-21T13:21:20.367,"[{""name"": ""Rarity"", ""displayName"": ""Rarity"", ""value"": ""C""}, {""name"": ""Number"", ""displayName"": ""#"", ""value"": ""6""}, {""name"": ""SubType"", ""displayName"": ""Creature Type or Sub Type"", ""value"": ""Enchantment \u2014 Aura""}, {""name"": ""OracleText"", ""displayName"": ""Rules Text Contains"", ""value"": ""<b>Enchant land<br>Enchanted land is a 2/6 white Wall creature with defender. It's still a land.<br>When enchanted land is put into a graveyard, return that card to its owner's hand.""}]"
1,122,34376,Hada Freeblade,Hada Freeblade,https://www.tcgplayer.com/product/34376/magic-worldwake-hada-freeblade,https://tcgplayer-cdn.tcgplayer.com/product/34376_200w.jpg,2026-06-10T23:59:39.42,"[{""name"": ""Rarity"", ""displayName"": ""Rarity"", ""value"": ""U""}, {""name"": ""Number"", ""displayName"": ""#"", ""value"": ""7""}, {""name"": ""SubType"", ""displayName"": ""Creature Type or Sub Type"", ""value"": ""Creature \u2014 Human Soldier Ally""}, {""name"": ""P"", ""displayName"": ""P"", ""value"": ""0""}, {""name"": ""T"", ""displayName"": ""T"", ""value"": ""1""}, {""name"": ""OracleText"", ""displayName"": ""Rules Text Contains"", ""value"": ""Whenever Hada Freeblade or another Ally enters the battlefield under your control, you may put a +1/+1 counter on Hada Freeblade.""}, {""name"": ""FlavorText"", ""displayName"": ""Flavor"", ""value"": ""<em>\""I toiled in Kazuul's mines when I was eight. I think I'm tough enough for a little hiking.\""</em>""}]"
1,122,34377,Halimar Depths,Halimar Depths,https://www.tcgplayer.com/product/34377/magic-worldwake-halimar-depths,https://tcgplayer-cdn.tcgplayer.com/product/34377_200w.jpg,2025-10-31T18:16:45.253,"[{""name"": ""Rarity"", ""displayName"": ""Rarity"", ""value"": ""C""}, {""name"": ""Number"", ""displayName"": ""#"", ""value"": ""137""}, {""name"": ""SubType"", ""displayName"": ""Creature Type or Sub Type"", ""value"": ""Land""}, {""name"": ""OracleText"", ""displayName"": ""Rules Text Contains"", ""value"": ""Halimar Depths enters the battlefield tapped.\r\n<br>When Halimar Depths enters the battlefield, look at the top three cards of your library, then put them back in any order.\r\n<br>T: Add U to your mana pool.""}]"
1,122,34378,Halimar Excavator,Halimar Excavator,https://www.tcgplayer.com/product/34378/magic-worldwake-halimar-excavator,https://tcgplayer-cdn.tcgplayer.com/product/34378_200w.jpg,2026-03-21T01:31:08.053,"[{""name"": ""Rarity"", ""displayName"": ""Rarity"", ""value"": ""C""}, {""name"": ""Number"", ""displayName"": ""#"", ""value"": ""29""}, {""name"": ""SubType"", ""displayName"": ""Creature Type or Sub Type"", ""value"": ""Creature \u2014 Human Wizard Ally""}, {""name"": ""P"", ""displayName"": ""P"", ""value"": ""1""}, {""name"": ""T"", ""displayName"": ""T"", ""value"": ""3""}, {""name"": ""OracleText"", ""displayName"": ""Rules Text Contains"", ""value"": ""Whenever Halimar Excavator or another Ally enters the battlefield under your control, target player puts the top X cards of his or her library into his or her graveyard, where X is the number of Allies you control.""}]"
1,122,34379,Hammer of Ruin,Hammer of Ruin,https://www.tcgplayer.com/product/34379/magic-worldwake-hammer-of-ruin,https://tcgplayer-cdn.tcgplayer.com/product/34379_200w.jpg,2025-12-01T20:21:35.56,"[{""name"": ""Rarity"", ""displayName"": ""Rarity"", ""value"": ""U""}, {""name"": ""Number"", ""displayName"": ""#"", ""value"": ""124""}, {""name"": ""SubType"", ""displayName"": ""Creature Type or Sub Type"", ""value"": ""Artifact \u2014 Equipment""}, {""name"": ""OracleText"", ""displayName"": ""Rules Text Contains"", ""value"": ""Equipped creature gets +2/+0.\r\n<br>Whenever equipped creature deals combat damage to a player, you may destroy target Equipment that player controls. \r\nEquip 2""}, {""name"": ""FlavorText"", ""displayName"": ""Flavor"", ""value"": ""<em>By hammer forged, and by hammer undone.</em>""}]"
1,122,34380,Harabaz Druid,Harabaz Druid,https://www.tcgplayer.com/product/34380/magic-worldwake-harabaz-druid,https://tcgplayer-cdn.tcgplayer.com/product/34380_200w.jpg,2026-05-07T22:19:26.22,"[{""name"": ""Rarity"", ""displayName"": ""Rarity"", ""value"": ""R""}, {""name"": ""Number"", ""displayName"": ""#"", ""value"": ""105""}, {""name"": ""SubType"", ""displayName"": ""Creature Type or Sub Type"", ""value"": ""Creature \u2014 Human Druid Ally""}, {""name"": ""P"", ""displayName"": ""P"", ""value"": ""0""}, {""name"": ""T"", ""displayName"": ""T"", ""value"": ""1""}, {""name"": ""OracleText"", ""displayName"": ""Rules Text Contains"", ""value"": ""T: Add X mana of any one color to your mana pool, where X is the number of Allies you control.""}, {""name"": ""FlavorText"", ""displayName"": ""Flavor"", ""value"": ""<em>\""I care nothing for treasure. The land beckons me, and I cannot rest until my feet have touched every inch of it.\""</em>""}]"
1,122,34381,Hedron Rover,Hedron Rover,https://www.tcgplayer.com/product/34381/magic-worldwake-hedron-rover,https://tcgplayer-cdn.tcgplayer.com/product/34381_200w.jpg,2023-07-26T20:18:47.21,"[{""name"": ""Rarity"", ""displayName"": ""Rarity"", ""value"": ""C""}, {""name"": ""Number"", ""displayName"": ""#"", ""value"": ""125""}, {""name"": ""SubType"", ""displayName"": ""Creature Type or Sub Type"", ""value"": ""Artifact Creature \u2014 Construct""}, {""name"": ""P"", ""displayName"": ""P"", ""value"": ""2""}, {""name"": ""T"", ""displayName"": ""T"", ""value"": ""2""}, {""name"": ""OracleText"", ""displayName"": ""Rules Text Contains"", ""value"": ""<em>Landfall</em> \u2014 Whenever a land enters the battlefield under your control, Hedron Rover gets +2/+2 until end of turn.""}, {""name"": ""FlavorText"", ""displayName"": ""Flavor"", ""value"": ""<em>\""Now that it has woken up and wandered off, we should go see what it was guarding.\"" <br>\u2014Gotzen, Bulwark explorer</em>""}]"
1,122,34382,Horizon Drake,Horizon Drake,https://www.tcgplayer.com/product/34382/magic-worldwake-horizon-drake,https://tcgplayer-cdn.tcgplayer.com/product/34382_200w.jpg,2023-07-26T20:28:11.983,"[{""name"": ""Rarity"", ""displayName"": ""Rarity"", ""value"": ""U""}, {""name"": ""Number"", ""displayName"": ""#"", ""value"": ""30""}, {""name"": ""SubType"", ""displayName"": ""Creature Type or Sub Type"", ""value"": ""Creature Drake""}, {""name"": ""P"", ""displayName"": ""P"", ""value"": ""3""}, {""name"": ""T"", ""displayName"": ""T"", ""value"": ""1""}, {""name"": ""OracleText"", ""displayName"": ""Rules Text Contains"", ""value"": ""Flying, protection from lands""}, {""name"": ""FlavorText"", ""displayName"": ""Flavor"", ""value"": ""<em>Using thermal updrafts and gravity currents, drakes eat and sleep in the air. Some never touch the ground from birth until death.</em>""}]"
1,122,34383,Iona's Judgment,Ionas Judgment,https://www.tcgplayer.com/product/34383/magic-worldwake-ionas-judgment,https://tcgplayer-cdn.tcgplayer.com/product/34383_200w.jpg,2023-07-26T20:28:56.257,"[{""name"": ""Rarity"", ""displayName"": ""Rarity"", ""value"": ""C""}, {""name"": ""Number"", ""displayName"": ""#"", ""value"": ""8""}, {""name"": ""SubType"", ""displayName"": ""Creature Type or Sub Type"", ""value"": ""Sorcery""}, {""name"": ""OracleText"", ""displayName"": ""Rules Text Contains"", ""value"": ""Exile target creature or enchantment.""}, {""name"": ""FlavorText"", ""displayName"": ""Flavor"", ""value"": ""<em>Beneath the gaze of angels, only the righteous may stand without fear.</em>""}]"
1,122,34384,"Jace, the Mind Sculptor",Jace the Mind Sculptor,https://www.tcgplayer.com/product/34384/magic-worldwake-jace-the-mind-sculptor,https://tcgplayer-cdn.tcgplayer.com/product/34384_200w.jpg,2025-12-16T21:03:11.2,"[{""name"": ""Rarity"", ""displayName"": ""Rarity"", ""value"": ""M""}, {""name"": ""Number"", ""displayName"": ""#"", ""value"": ""31""}, {""name"": ""SubType"", ""displayName"": ""Creature Type or Sub Type"", ""value"": ""Planeswalker \u2014 Jace""}, {""name"": ""OracleText"", ""displayName"": ""Rules Text Contains"", ""value"": ""[+2]: Look at the top card of target player's library. You may put that card on the bottom of that player's library\r\n<br>[0]: Draw three cards, then put two cards from your hand on top of your library in any order.\r\n<br>[-1]: Return target creature to its owner's hand.\r\n<br>[-12]: Exile all cards from target player's library, then that player shuffles his or her hand into his or her library.""}]"
1,122,34385,Jagwasp Swarm,Jagwasp Swarm,https://www.tcgplayer.com/product/34385/magic-worldwake-jagwasp-swarm,https://tcgplayer-cdn.tcgplayer.com/product/34385_200w.jpg,2023-07-26T20:35:55.287,"[{""name"": ""Rarity"", ""displayName"": ""Rarity"", ""value"": ""C""}, {""name"": ""Number"", ""displayName"": ""#"", ""value"": ""58""}, {""name"": ""SubType"", ""displayName"": ""Creature Type or Sub Type"", ""value"": ""Creature Insect""}, {""name"": ""P"", ""displayName"": ""P"", ""value"": ""3""}, {""name"": ""T"", ""displayName"": ""T"", ""value"": ""2""}, {""name"": ""OracleText"", ""displayName"": ""Rules Text Contains"", ""value"": ""Flying""}, {""name"": ""FlavorText"", ""displayName"": ""Flavor"", ""value"": ""<em>\""You know how to tell a sapling explorer from an old hardhead? See which one mistakes a swarm of jagwasps for the setting sun.\"" \u2014Chadir the Navigator</em>""}]"
1,122,34386,Join the Ranks,Join the Ranks,https://www.tcgplayer.com/product/34386/magic-worldwake-join-the-ranks,https://tcgplayer-cdn.tcgplayer.com/product/34386_200w.jpg,2023-07-26T20:24:06.153,"[{""name"": ""Rarity"", ""displayName"": ""Rarity"", ""value"": ""C""}, {""name"": ""Number"", ""displayName"": ""#"", ""value"": ""9""}, {""name"": ""SubType"", ""displayName"": ""Creature Type or Sub Type"", ""value"": ""Instant""}, {""name"": ""OracleText"", ""displayName"": ""Rules Text Contains"", ""value"": ""Put two 1/1 white Soldier Ally creature tokens onto the battlefield.""}, {""name"": ""FlavorText"", ""displayName"": ""Flavor"", ""value"": ""<em>Expeditionary houses are notorious for their rivalries. But when adventurers meet in the wilderness, the instinct for mutual survival outweighs petty grudges.</em>""}]"
1,122,34387,Joraga Warcaller,Joraga Warcaller,https://www.tcgplayer.com/product/34387/magic-worldwake-joraga-warcaller,https://tcgplayer-cdn.tcgplayer.com/product/34387_200w.jpg,2025-11-20T23:26:10.95,"[{""name"": ""Rarity"", ""displayName"": ""Rarity"", ""value"": ""R""}, {""name"": ""Number"", ""displayName"": ""#"", ""value"": ""106""}, {""name"": ""SubType"", ""displayName"": ""Creature Type or Sub Type"", ""value"": ""Creature \u2014 Elf Warrior""}, {""name"": ""P"", ""displayName"": ""P"", ""value"": ""1""}, {""name"": ""T"", ""displayName"": ""T"", ""value"": ""1""}, {""name"": ""OracleText"", ""displayName"": ""Rules Text Contains"", ""value"": ""Multikicker 1G <em>(You may pay an additional 1G any number of times as you cast this spell.)</em><br>\r\nJoraga Warcaller enters the battlefield with a +1/+1 counter on it for each time it was kicked.<br>\r\nOther Elf creatures you control get +1/+1 for each +1/+1 counter on Joraga Warcaller.""}]"
1,122,34388,Jwari Shapeshifter,Jwari Shapeshifter,https://www.tcgplayer.com/product/34388/magic-worldwake-jwari-shapeshifter,https://tcgplayer-cdn.tcgplayer.com/product/34388_200w.jpg,2023-07-26T20:15:08.39,"[{""name"": ""Rarity"", ""displayName"": ""Rarity"", ""value"": ""R""}, {""name"": ""Number"", ""displayName"": ""#"", ""value"": ""32""}, {""name"": ""SubType"", ""displayName"": ""Creature Type or Sub Type"", ""value"": ""Creature \u2014 Shapeshifter Ally""}, {""name"": ""P"", ""displayName"": ""P"", ""value"": ""0""}, {""name"": ""T"", ""displayName"": ""T"", ""value"": ""0""}, {""name"": ""OracleText"", ""displayName"": ""Rules Text Contains"", ""value"": ""You may have Jwari Shapeshifter enter the battlefield as a copy of any Ally creature on the battlefield.""}, {""name"": ""FlavorText"", ""displayName"": ""Flavor"", ""value"": ""<em>\""The best expedition would be an entire team of me.\""</em>""}]"
1,122,34389,Kalastria Highborn,Kalastria Highborn,https://www.tcgplayer.com/product/34389/magic-worldwake-kalastria-highborn,https://tcgplayer-cdn.tcgplayer.com/product/34389_200w.jpg,2023-07-26T20:11:42.013,"[{""name"": ""Rarity"", ""displayName"": ""Rarity"", ""value"": ""R""}, {""name"": ""Number"", ""displayName"": ""#"", ""value"": ""59""}, {""name"": ""SubType"", ""displayName"": ""Creature Type or Sub Type"", ""value"": ""Creature \u2014 Vampire Shaman""}, {""name"": ""P"", ""displayName"": ""P"", ""value"": ""2""}, {""name"": ""T"", ""displayName"": ""T"", ""value"": ""2""}, {""name"": ""OracleText"", ""displayName"": ""Rules Text Contains"", ""value"": ""Whenever Kalastria Highborn or another Vampire you control is put into a graveyard from the battlefield, you may pay B. If you do, target player loses 2 life and you gain 2 life.""}, {""name"": ""FlavorText"", ""displayName"": ""Flavor"", ""value"": ""<em>Each of Malakir's great families boasts a contingent of nulls appropriate to its rank in society.</em>""}]"
1,122,34390,"Kazuul, Tyrant of the Cliffs",Kazuul Tyrant of the Cliffs,https://www.tcgplayer.com/product/34390/magic-worldwake-kazuul-tyrant-of-the-cliffs,https://tcgplayer-cdn.tcgplayer.com/product/34390_200w.jpg,2025-05-15T20:51:49.4,"[{""name"": ""Rarity"", ""displayName"": ""Rarity"", ""value"": ""R""}, {""name"": ""Number"", ""displayName"": ""#"", ""value"": ""84""}, {""name"": ""SubType"", ""displayName"": ""Creature Type or Sub Type"", ""value"": ""Legendary Creature \u2014 Ogre Warrior""}, {""name"": ""P"", ""displayName"": ""P"", ""value"": ""5""}, {""name"": ""T"", ""displayName"": ""T"", ""value"": ""4""}, {""name"": ""OracleText"", ""displayName"": ""Rules Text Contains"", ""value"": ""Whenever a creature an opponent controls attacks, if you're the defending player, put a 3/3 red Ogre creature token onto the battlefield unless that creature's controller pays 3""}, {""name"": ""FlavorText"", ""displayName"": ""Flavor"", ""value"": ""Warning to those who scale the cliffs without paying tribute: It's a long way down.""}]"
1,122,34391,Khalni Garden,Khalni Garden,https://www.tcgplayer.com/product/34391/magic-worldwake-khalni-garden,https://tcgplayer-cdn.tcgplayer.com/product/34391_200w.jpg,2025-10-31T18:16:45.11,"[{""name"": ""Rarity"", ""displayName"": ""Rarity"", ""value"": ""C""}, {""name"": ""Number"", ""displayName"": ""#"", ""value"": ""138""}, {""name"": ""SubType"", ""displayName"": ""Creature Type or Sub Type"", ""value"": ""Land""}, {""name"": ""OracleText"", ""displayName"": ""Rules Text Contains"", ""value"": ""Khalni Garden enters the battlefield tapped.<br>\r\nWhen Khalni Garden enters the battlefield, put a 0/1 green Plant creature token onto the battlefield.<br>\r\nT: Add G to your mana pool.""}]"
1,122,34392,Kitesail,Kitesail,https://www.tcgplayer.com/product/34392/magic-worldwake-kitesail,https://tcgplayer-cdn.tcgplayer.com/product/34392_200w.jpg,2023-07-26T20:02:39.217,"[{""name"": ""Rarity"", ""displayName"": ""Rarity"", ""value"": ""C""}, {""name"": ""Number"", ""displayName"": ""#"", ""value"": ""126""}, {""name"": ""SubType"", ""displayName"": ""Creature Type or Sub Type"", ""value"": ""Artifact \u2014 Equipment""}, {""name"": ""OracleText"", ""displayName"": ""Rules Text Contains"", ""value"": ""Equipped creature gets +1/+0 and has flying.<br>\r\nEquip <em>(2: Attach to target creature you control. Equip only as a sorcery.)</em>""}, {""name"": ""FlavorText"", ""displayName"": ""Flavor"", ""value"": ""<em>Kitesailing is a way of life\u2014and without practice, the end of it.</em>""}]"
1,122,34393,Kitesail Apprentice,Kitesail Apprentice,https://www.tcgplayer.com/product/34393/magic-worldwake-kitesail-apprentice,https://tcgplayer-cdn.tcgplayer.com/product/34393_200w.jpg,2023-07-26T19:58:20.157,"[{""name"": ""Rarity"", ""displayName"": ""Rarity"", ""value"": ""C""}, {""name"": ""Number"", ""displayName"": ""#"", ""value"": ""10""}, {""name"": ""SubType"", ""displayName"": ""Creature Type or Sub Type"", ""value"": ""Creature \u2014 Kor Soldier""}, {""name"": ""P"", ""displayName"": ""P"", ""value"": ""1""}, {""name"": ""T"", ""displayName"": ""T"", ""value"": ""1""}, {""name"": ""OracleText"", ""displayName"": ""Rules Text Contains"", ""value"": ""As long as Kitesail Apprentice is equipped, it gets +1/+1 and has flying.""}, {""name"": ""FlavorText"", ""displayName"": ""Flavor"", ""value"": ""<em>Carving lines through the sky, kite sailors map trails for the pilgrims below to follow.</em>""}]"
1,122,34394,Kor Firewalker,Kor Firewalker,https://www.tcgplayer.com/product/34394/magic-worldwake-kor-firewalker,https://tcgplayer-cdn.tcgplayer.com/product/34394_200w.jpg,2024-09-30T16:07:36.457,"[{""name"": ""Rarity"", ""displayName"": ""Rarity"", ""value"": ""U""}, {""name"": ""Number"", ""displayName"": ""#"", ""value"": ""11""}, {""name"": ""SubType"", ""displayName"": ""Creature Type or Sub Type"", ""value"": ""Creature \u2014 Kor Soldier""}, {""name"": ""P"", ""displayName"": ""P"", ""value"": ""2""}, {""name"": ""T"", ""displayName"": ""T"", ""value"": ""2""}, {""name"": ""OracleText"", ""displayName"": ""Rules Text Contains"", ""value"": ""Protection from red<br>\r\nWhenever a player casts a red spell, you may gain 1 life.""}, {""name"": ""FlavorText"", ""displayName"": ""Flavor"", ""value"": ""<em>\""A river of lava is just another river to cross.\""</em>""}]"
1,122,34395,Lavaclaw Reaches,Lavaclaw Reaches,https://www.tcgplayer.com/product/34395/magic-worldwake-lavaclaw-reaches,https://tcgplayer-cdn.tcgplayer.com/product/34395_200w.jpg,2023-08-07T14:00:23.843,"[{""name"": ""Rarity"", ""displayName"": ""Rarity"", ""value"": ""R""}, {""name"": ""Number"", ""displayName"": ""#"", ""value"": ""139""}, {""name"": ""SubType"", ""displayName"": ""Creature Type or Sub Type"", ""value"": ""Land""}, {""name"": ""OracleText"", ""displayName"": ""Rules Text Contains"", ""value"": ""Lavaclaw Reaches enters the battlefield tapped.<br>\r\nT: Add B or R to your mana pool.<br>\r\n1BR: Until end of turn, Lavaclaw Reaches becomes a 2/2 black and red Elemental creature with X: This creature gets +X/+0 until end of turn. It's still a land.""}]"
1,122,34396,Leatherback Baloth,Leatherback Baloth,https://www.tcgplayer.com/product/34396/magic-worldwake-leatherback-baloth,https://tcgplayer-cdn.tcgplayer.com/product/34396_200w.jpg,2024-02-15T14:55:32.87,"[{""name"": ""Rarity"", ""displayName"": ""Rarity"", ""value"": ""U""}, {""name"": ""Number"", ""displayName"": ""#"", ""value"": ""107""}, {""name"": ""SubType"", ""displayName"": ""Creature Type or Sub Type"", ""value"": ""Creature \u2014 Beast""}, {""name"": ""P"", ""displayName"": ""P"", ""value"": ""4""}, {""name"": ""T"", ""displayName"": ""T"", ""value"": ""5""}, {""name"": ""FlavorText"", ""displayName"": ""Flavor"", ""value"": ""<em>Heavy enough to withstand the Roil, leatherback skeletons are havens for travelers in storms and landshifts.</em>""}]"
1,122,34397,Lightkeeper of Emeria,Lightkeeper of Emeria,https://www.tcgplayer.com/product/34397/magic-worldwake-lightkeeper-of-emeria,https://tcgplayer-cdn.tcgplayer.com/product/34397_200w.jpg,2023-07-26T19:54:18.257,"[{""name"": ""Rarity"", ""displayName"": ""Rarity"", ""value"": ""U""}, {""name"": ""Number"", ""displayName"": ""#"", ""value"": ""12""}, {""name"": ""SubType"", ""displayName"": ""Creature Type or Sub Type"", ""value"": ""Creature \u2014 Angel""}, {""name"": ""P"", ""displayName"": ""P"", ""value"": ""2""}, {""name"": ""T"", ""displayName"": ""T"", ""value"": ""4""}, {""name"": ""OracleText"", ""displayName"": ""Rules Text Contains"", ""value"": ""Multikicker W (You may pay an additional W any number of times as you cast this spell.)\r\n<br>Flying\r\n<br>When Lightkeeper of Emeria enters the battlefield, you gain 2 life for each time it was kicked.""}]"
1,122,34398,Loam Lion,Loam Lion,https://www.tcgplayer.com/product/34398/magic-worldwake-loam-lion,https://tcgplayer-cdn.tcgplayer.com/product/34398_200w.jpg,2026-03-16T11:09:33.487,"[{""name"": ""Rarity"", ""displayName"": ""Rarity"", ""value"": ""U""}, {""name"": ""Number"", ""displayName"": ""#"", ""value"": ""13""}, {""name"": ""SubType"", ""displayName"": ""Creature Type or Sub Type"", ""value"": ""Creature Cat""}, {""name"": ""P"", ""displayName"": ""P"", ""value"": ""1""}, {""name"": ""T"", ""displayName"": ""T"", ""value"": ""1""}, {""name"": ""OracleText"", ""displayName"": ""Rules Text Contains"", ""value"": ""Loam Lion gets +1/+2 as long as you control a Forest.""}, {""name"": ""FlavorText"", ""displayName"": ""Flavor"", ""value"": ""<em>In Zendikar, today's grassland could be tomorrow's jungle, and hunting grounds change as quickly as the weather.</em>""}]"
1,122,34399,Lodestone Golem,Lodestone Golem,https://www.tcgplayer.com/product/34399/magic-worldwake-lodestone-golem,https://tcgplayer-cdn.tcgplayer.com/product/34399_200w.jpg,2026-02-17T06:40:13.543,"[{""name"": ""Rarity"", ""displayName"": ""Rarity"", ""value"": ""R""}, {""name"": ""Number"", ""displayName"": ""#"", ""value"": ""127""}, {""name"": ""SubType"", ""displayName"": ""Creature Type or Sub Type"", ""value"": ""Artifact Creature \u2014 Golem""}, {""name"": ""P"", ""displayName"": ""P"", ""value"": ""5""}, {""name"": ""T"", ""displayName"": ""T"", ""value"": ""3""}, {""name"": ""OracleText"", ""displayName"": ""Rules Text Contains"", ""value"": ""Nonartifact spells cost 1 more to cast.""}, {""name"": ""FlavorText"", ""displayName"": ""Flavor"", ""value"": ""<em>\""Somehow it warps the \u00c6ther. It brings a strange weight, a blockade in the flow of spellcraft.\"" \u2014Noyan Dar, Tazeem lullmage</em>""}]"
1,122,34400,Marsh Threader,Marsh Threader,https://www.tcgplayer.com/product/34400/magic-worldwake-marsh-threader,https://tcgplayer-cdn.tcgplayer.com/product/34400_200w.jpg,2023-07-26T19:16:41.783,"[{""name"": ""Rarity"", ""displayName"": ""Rarity"", ""value"": ""C""}, {""name"": ""Number"", ""displayName"": ""#"", ""value"": ""14""}, {""name"": ""SubType"", ""displayName"": ""Creature Type or Sub Type"", ""value"": ""Creature Kor Scout""}, {""name"": ""P"", ""displayName"": ""P"", ""value"": ""2""}, {""name"": ""T"", ""displayName"": ""T"", ""value"": ""1""}, {""name"": ""OracleText"", ""displayName"": ""Rules Text Contains"", ""value"": ""Swampwalk""}, {""name"": ""FlavorText"", ""displayName"": ""Flavor"", ""value"": ""<em>\""Give me a sturdy rope over the advice of any so-called expert. I can thread the dark wilds better than anyone.\""</em>""}]"
1,122,34401,Marshal's Anthem,Marshals Anthem,https://www.tcgplayer.com/product/34401/magic-worldwake-marshals-anthem,https://tcgplayer-cdn.tcgplayer.com/product/34401_200w.jpg,2023-07-26T19:13:52.33,"[{""name"": ""Rarity"", ""displayName"": ""Rarity"", ""value"": ""R""}, {""name"": ""Number"", ""displayName"": ""#"", ""value"": ""15""}, {""name"": ""SubType"", ""displayName"": ""Creature Type or Sub Type"", ""value"": ""Enchantment""}, {""name"": ""OracleText"", ""displayName"": ""Rules Text Contains"", ""value"": ""Multikicker 1W <em>(You may pay an additional 1W any number of times as you cast this spell.)</em><br>\r\nCreatures you control get +1/+1.<br> \r\nWhen Marshal's Anthem enters the battlefield, return up to X target creature cards from your graveyard to the battlefield, where X is the number of times Marshal's Anthem was kicked.""}]"
1,122,34402,Mire's Toll,Mires Toll,https://www.tcgplayer.com/product/34402/magic-worldwake-mires-toll,https://tcgplayer-cdn.tcgplayer.com/product/34402_200w.jpg,2023-07-26T19:11:14.397,"[{""name"": ""Rarity"", ""displayName"": ""Rarity"", ""value"": ""C""}, {""name"": ""Number"", ""displayName"": ""#"", ""value"": ""60""}, {""name"": ""SubType"", ""displayName"": ""Creature Type or Sub Type"", ""value"": ""Sorcery""}, {""name"": ""OracleText"", ""displayName"": ""Rules Text Contains"", ""value"": ""Target player reveals a number of cards from his or her hand equal to the number of Swamps you control. You choose one of them. That player discards that card.""}, {""name"": ""FlavorText"", ""displayName"": ""Flavor"", ""value"": ""<em>As the bridge snapped, Berko was sure he heard the swamp laughing at him.</em>""}]"
1,122,34403,Mordant Dragon,Mordant Dragon,https://www.tcgplayer.com/product/34403/magic-worldwake-mordant-dragon,https://tcgplayer-cdn.tcgplayer.com/product/34403_200w.jpg,2024-08-22T11:36:36.147,"[{""name"": ""Rarity"", ""displayName"": ""Rarity"", ""value"": ""R""}, {""name"": ""Number"", ""displayName"": ""#"", ""value"": ""85""}, {""name"": ""SubType"", ""displayName"": ""Creature Type or Sub Type"", ""value"": ""Creature \u2014 Dragon""}, {""name"": ""P"", ""displayName"": ""P"", ""value"": ""5""}, {""name"": ""T"", ""displayName"": ""T"", ""value"": ""5""}, {""name"": ""OracleText"", ""displayName"": ""Rules Text Contains"", ""value"": ""Flying<br>1R: Mordant Dragon gets +1/+0 until end of turn.<br> \r\nWhenever Mordant Dragon deals combat damage to a player, you may have it deal that much damage to target creature that player controls.""}]"
1,122,34404,Mysteries of the Deep,Mysteries of the Deep,https://www.tcgplayer.com/product/34404/magic-worldwake-mysteries-of-the-deep,https://tcgplayer-cdn.tcgplayer.com/product/34404_200w.jpg,2023-07-26T19:07:50.603,"[{""name"": ""Rarity"", ""displayName"": ""Rarity"", ""value"": ""C""}, {""name"": ""Number"", ""displayName"": ""#"", ""value"": ""33""}, {""name"": ""SubType"", ""displayName"": ""Creature Type or Sub Type"", ""value"": ""Instant""}, {""name"": ""OracleText"", ""displayName"": ""Rules Text Contains"", ""value"": ""Draw two cards.<br>\r\n<em>Landfall</em> \u2014 If you had a land enter the battlefield under your control this turn, draw three cards instead.""}, {""name"": ""FlavorText"", ""displayName"": ""Flavor"", ""value"": ""<em>\""The Roil is destructive, but not random. It's Zendikar's way of revealing secrets.\""<br> \u2014Ilori, merfolk falconer</em>""}]"
1,122,34405,Nature's Claim,Natures Claim,https://www.tcgplayer.com/product/34405/magic-worldwake-natures-claim,https://tcgplayer-cdn.tcgplayer.com/product/34405_200w.jpg,2026-06-24T18:44:35.2,"[{""name"": ""Rarity"", ""displayName"": ""Rarity"", ""value"": ""C""}, {""name"": ""Number"", ""displayName"": ""#"", ""value"": ""108""}, {""name"": ""SubType"", ""displayName"": ""Creature Type or Sub Type"", ""value"": ""Instant""}, {""name"": ""OracleText"", ""displayName"": ""Rules Text Contains"", ""value"": ""Destroy target artifact or enchantment. Its controller gains 4 life.""}, {""name"": ""FlavorText"", ""displayName"": ""Flavor"", ""value"": ""<em>\""On this plane, the use of magic can provoke a ferocious reprisal from nature. Whoever the Eldrazi were, their relics left Zendikar forever enraged.\""<br> \u2014Jace Beleren</em>""}]"
1,122,34406,Nemesis Trap,Nemesis Trap,https://www.tcgplayer.com/product/34406/magic-worldwake-nemesis-trap,https://tcgplayer-cdn.tcgplayer.com/product/34406_200w.jpg,2025-05-15T20:51:50.447,"[{""name"": ""Rarity"", ""displayName"": ""Rarity"", ""value"": ""U""}, {""name"": ""Number"", ""displayName"": ""#"", ""value"": ""61""}, {""name"": ""SubType"", ""displayName"": ""Creature Type or Sub Type"", ""value"": ""Instant \u2014 Trap""}, {""name"": ""OracleText"", ""displayName"": ""Rules Text Contains"", ""value"": ""If a white creature is attacking, you may pay BB rather than pay Nemesis Trap's mana cost.\r\n<br>Exile target attacking creature. Put a token that's a copy of that creature onto the battlefield. Exile it at the beginning of the next end step.""}]"
1,122,34407,Novablast Wurm,Novablast Wurm,https://www.tcgplayer.com/product/34407/magic-worldwake-novablast-wurm,https://tcgplayer-cdn.tcgplayer.com/product/34407_200w.jpg,2023-12-23T02:44:09.643,"[{""name"": ""Rarity"", ""displayName"": ""Rarity"", ""value"": ""M""}, {""name"": ""Number"", ""displayName"": ""#"", ""value"": ""119""}, {""name"": ""SubType"", ""displayName"": ""Creature Type or Sub Type"", ""value"": ""Creature \u2014 Wurm""}, {""name"": ""P"", ""displayName"": ""P"", ""value"": ""7""}, {""name"": ""T"", ""displayName"": ""T"", ""value"": ""7""}, {""name"": ""OracleText"", ""displayName"": ""Rules Text Contains"", ""value"": ""Whenever Novablast Wurm attacks, destroy all other creatures.""}, {""name"": ""FlavorText"", ""displayName"": ""Flavor"", ""value"": ""<em>\""The sun was born within its coils, but it fled to the sky. The wurm hungers for its child, and the world will bear its loss.\""<br> \u2014Screed of the Mul Daya</em>""}]"
1,122,34408,"Omnath, Locus of Mana",Omnath Locus of Mana,https://www.tcgplayer.com/product/34408/magic-worldwake-omnath-locus-of-mana,https://tcgplayer-cdn.tcgplayer.com/product/34408_200w.jpg,2026-06-15T13:55:30.68,"[{""name"": ""Rarity"", ""displayName"": ""Rarity"", ""value"": ""M""}, {""name"": ""Number"", ""displayName"": ""#"", ""value"": ""109""}, {""name"": ""SubType"", ""displayName"": ""Creature Type or Sub Type"", ""value"": ""Legendary Creature Elemental""}, {""name"": ""P"", ""displayName"": ""P"", ""value"": ""1""}, {""name"": ""T"", ""displayName"": ""T"", ""value"": ""1""}, {""name"": ""OracleText"", ""displayName"": ""Rules Text Contains"", ""value"": ""Green mana doesn't empty from your mana pool as steps and phases end.\r\n<br>Omnath, Locus of Mana gets +1/+1 for each green mana in your mana pool.""}, {""name"": ""FlavorText"", ""displayName"": ""Flavor"", ""value"": ""<em>It gathers against the coming storm.</em>""}]"
1,122,34409,Perimeter Captain,Perimeter Captain,https://www.tcgplayer.com/product/34409/magic-worldwake-perimeter-captain,https://tcgplayer-cdn.tcgplayer.com/product/34409_200w.jpg,2025-10-11T03:02:46.33,"[{""name"": ""Rarity"", ""displayName"": ""Rarity"", ""value"": ""U""}, {""name"": ""Number"", ""displayName"": ""#"", ""value"": ""16""}, {""name"": ""SubType"", ""displayName"": ""Creature Type or Sub Type"", ""value"": ""Creature \u2014 Human Soldier""}, {""name"": ""P"", ""displayName"": ""P"", ""value"": ""0""}, {""name"": ""T"", ""displayName"": ""T"", ""value"": ""4""}, {""name"": ""OracleText"", ""displayName"": ""Rules Text Contains"", ""value"": ""Defender<br>\r\nWhenever a creature you control with defender blocks, you may gain 2 life.""}, {""name"": ""FlavorText"", ""displayName"": ""Flavor"", ""value"": ""\""We stand between the jaws of chaos and the mantle of order.\""""}]"
1,122,34410,Permafrost Trap,Permafrost Trap,https://www.tcgplayer.com/product/34410/magic-worldwake-permafrost-trap,https://tcgplayer-cdn.tcgplayer.com/product/34410_200w.jpg,2025-05-15T20:51:49.517,"[{""name"": ""Rarity"", ""displayName"": ""Rarity"", ""value"": ""U""}, {""name"": ""Number"", ""displayName"": ""#"", ""value"": ""34""}, {""name"": ""SubType"", ""displayName"": ""Creature Type or Sub Type"", ""value"": ""Instant \u2014 Trap""}, {""name"": ""OracleText"", ""displayName"": ""Rules Text Contains"", ""value"": ""If an opponent had a green creature enter the battlefield under his or her control this turn, you may pay U rather than pay Permafrost Trap's mana cost.<br>\r\nTap up to two target creatures. Those creatures don't untap during their controller's next untap step.""}]"
1,122,34411,Pilgrim's Eye,Pilgrims Eye,https://www.tcgplayer.com/product/34411/magic-worldwake-pilgrims-eye,https://tcgplayer-cdn.tcgplayer.com/product/34411_200w.jpg,2023-07-27T13:47:00.977,"[{""name"": ""Rarity"", ""displayName"": ""Rarity"", ""value"": ""C""}, {""name"": ""Number"", ""displayName"": ""#"", ""value"": ""128""}, {""name"": ""SubType"", ""displayName"": ""Creature Type or Sub Type"", ""value"": ""Artifact Creature Thopter""}, {""name"": ""P"", ""displayName"": ""P"", ""value"": ""1""}, {""name"": ""T"", ""displayName"": ""T"", ""value"": ""1""}, {""name"": ""OracleText"", ""displayName"": ""Rules Text Contains"", ""value"": ""Flying<br>\r\nWhen Pilgrim's Eye enters the battlefield, you may search your library for a basic land card, reveal it, put it into your hand, then shuffle your library.""}, {""name"": ""FlavorText"", ""displayName"": ""Flavor"", ""value"": ""<em>The kor send their thopter kites to see if the land is in a welcoming mood.</em>""}]"
1,122,34412,Pulse Tracker,Pulse Tracker,https://www.tcgplayer.com/product/34412/magic-worldwake-pulse-tracker,https://tcgplayer-cdn.tcgplayer.com/product/34412_200w.jpg,2024-06-28T04:40:15.317,"[{""name"": ""Rarity"", ""displayName"": ""Rarity"", ""value"": ""C""}, {""name"": ""Number"", ""displayName"": ""#"", ""value"": ""62""}, {""name"": ""SubType"", ""displayName"": ""Creature Type or Sub Type"", ""value"": ""Creature \u2014 Vampire Rogue""}, {""name"": ""P"", ""displayName"": ""P"", ""value"": ""1""}, {""name"": ""T"", ""displayName"": ""T"", ""value"": ""1""}, {""name"": ""OracleText"", ""displayName"": ""Rules Text Contains"", ""value"": ""Whenever Pulse Tracker attacks, each opponent loses 1 life.""}, {""name"": ""FlavorText"", ""displayName"": ""Flavor"", ""value"": ""<em>Pulse trackers terrorize adventurers, driving them through the jungle toward certain death at the gates of Malakir.</em>""}]"
1,122,34413,Quag Vampires,Quag Vampires,https://www.tcgplayer.com/product/34413/magic-worldwake-quag-vampires,https://tcgplayer-cdn.tcgplayer.com/product/34413_200w.jpg,2023-07-27T13:54:18.053,"[{""name"": ""Rarity"", ""displayName"": ""Rarity"", ""value"": ""C""}, {""name"": ""Number"", ""displayName"": ""#"", ""value"": ""63""}, {""name"": ""SubType"", ""displayName"": ""Creature Type or Sub Type"", ""value"": ""Creature \u2014 Vampire Rogue""}, {""name"": ""P"", ""displayName"": ""P"", ""value"": ""1""}, {""name"": ""T"", ""displayName"": ""T"", ""value"": ""1""}, {""name"": ""OracleText"", ""displayName"": ""Rules Text Contains"", ""value"": ""Multikicker 1B <em>(You may pay an additional 1B any number of times as you cast this spell.)</em><br>\r\nSwampwalk<br>\r\nQuag Vampires enters the battlefield with a +1/+1 counter on it for each time it was kicked.""}]"
1,122,34414,Quest for Renewal,Quest for Renewal,https://www.tcgplayer.com/product/34414/magic-worldwake-quest-for-renewal,https://tcgplayer-cdn.tcgplayer.com/product/34414_200w.jpg,2026-03-19T00:32:39.963,"[{""name"": ""Rarity"", ""displayName"": ""Rarity"", ""value"": ""U""}, {""name"": ""Number"", ""displayName"": ""#"", ""value"": ""110""}, {""name"": ""SubType"", ""displayName"": ""Creature Type or Sub Type"", ""value"": ""Enchantment""}, {""name"": ""OracleText"", ""displayName"": ""Rules Text Contains"", ""value"": ""Whenever a creature you control becomes tapped, you may put a quest counter on Quest for Renewal.<br>\r\nAs long as there are four or more quest counters on Quest for Renewal, untap all creatures you control during each other player's untap step.""}]"
1,122,34415,Quest for the Goblin Lord,Quest for the Goblin Lord,https://www.tcgplayer.com/product/34415/magic-worldwake-quest-for-the-goblin-lord,https://tcgplayer-cdn.tcgplayer.com/product/34415_200w.jpg,2026-01-13T23:14:09.363,"[{""name"": ""Rarity"", ""displayName"": ""Rarity"", ""value"": ""U""}, {""name"": ""Number"", ""displayName"": ""#"", ""value"": ""86""}, {""name"": ""SubType"", ""displayName"": ""Creature Type or Sub Type"", ""value"": ""Enchantment""}, {""name"": ""OracleText"", ""displayName"": ""Rules Text Contains"", ""value"": ""Whenever a Goblin enters the battlefield under your control, you may put a quest counter on Quest for the Goblin Lord.<br>\r\nAs long as Quest for the Goblin Lord has five or more quest counters on it, creatures you control get +2/+0.""}, {""name"": ""FlavorText"", ""displayName"": ""Flavor"", ""value"": ""<em>A shrine to unchecked desire.</em>""}]"
1,122,34416,Quest for the Nihil Stone,Quest for the Nihil Stone,https://www.tcgplayer.com/product/34416/magic-worldwake-quest-for-the-nihil-stone,https://tcgplayer-cdn.tcgplayer.com/product/34416_200w.jpg,2023-07-27T13:56:45.94,"[{""name"": ""Rarity"", ""displayName"": ""Rarity"", ""value"": ""R""}, {""name"": ""Number"", ""displayName"": ""#"", ""value"": ""64""}, {""name"": ""SubType"", ""displayName"": ""Creature Type or Sub Type"", ""value"": ""Enchantment""}, {""name"": ""OracleText"", ""displayName"": ""Rules Text Contains"", ""value"": ""Whenever an opponent discards a card, you may put a quest counter on Quest for the Nihil Stone.<em>\r\nAt the beginning of each opponent's upkeep, if that player has no cards in hand and Quest for the Nihil Stone has two or more quest counters on it, you may have that player lose 5 life.""}]"
1,122,34417,Quest for Ula's Temple,Quest for Ulas Temple,https://www.tcgplayer.com/product/34417/magic-worldwake-quest-for-ulas-temple,https://tcgplayer-cdn.tcgplayer.com/product/34417_200w.jpg,2026-02-16T20:33:31.173,"[{""name"": ""Rarity"", ""displayName"": ""Rarity"", ""value"": ""R""}, {""name"": ""Number"", ""displayName"": ""#"", ""value"": ""35""}, {""name"": ""SubType"", ""displayName"": ""Creature Type or Sub Type"", ""value"": ""Enchantment""}, {""name"": ""OracleText"", ""displayName"": ""Rules Text Contains"", ""value"": ""At the beginning of your upkeep, you may look at the top card of your library. If it's a creature card, you may reveal it and put a quest counter on Quest for Ula's Temple.\r\n<br>At the beginning of each end step, if there are three or more quest counters on Quest for Ula's Temple, you may put a Kraken, Leviathan, Octopus, or Serpent creature card from your hand onto the battlefield.""}]"
1,122,34418,Quicksand,Quicksand,https://www.tcgplayer.com/product/34418/magic-worldwake-quicksand,https://tcgplayer-cdn.tcgplayer.com/product/34418_200w.jpg,2025-05-15T20:51:50.817,"[{""name"": ""Rarity"", ""displayName"": ""Rarity"", ""value"": ""C""}, {""name"": ""Number"", ""displayName"": ""#"", ""value"": ""140""}, {""name"": ""SubType"", ""displayName"": ""Creature Type or Sub Type"", ""value"": ""Land""}, {""name"": ""OracleText"", ""displayName"": ""Rules Text Contains"", ""value"": ""T: Add 1 to your mana pool.<br>\r\nT, Sacrifice Quicksand: Target attacking creature without flying gets -1/-2 until end of turn.""}, {""name"": ""FlavorText"", ""displayName"": ""Flavor"", ""value"": ""<em>Not all deaths are etched with mythic meaning and iconic glory.</em>""}]"
1,122,34419,Raging Ravine,Raging Ravine,https://www.tcgplayer.com/product/34419/magic-worldwake-raging-ravine,https://tcgplayer-cdn.tcgplayer.com/product/34419_200w.jpg,2023-07-27T14:18:47.097,"[{""name"": ""Rarity"", ""displayName"": ""Rarity"", ""value"": ""R""}, {""name"": ""Number"", ""displayName"": ""#"", ""value"": ""141""}, {""name"": ""SubType"", ""displayName"": ""Creature Type or Sub Type"", ""value"": ""Land""}, {""name"": ""OracleText"", ""displayName"": ""Rules Text Contains"", ""value"": ""Raging Ravine enters the battlefield tapped.<br>\r\nT: Add R or G to your mana pool.<br> \r\n2RG: Until end of turn, Raging Ravine becomes a 3/3 red and green Elemental creature with Whenever this creature attacks, put a +1/+1 counter on it. It's still a land.""}]"
1,122,34420,Razor Boomerang,Razor Boomerang,https://www.tcgplayer.com/product/34420/magic-worldwake-razor-boomerang,https://tcgplayer-cdn.tcgplayer.com/product/34420_200w.jpg,2023-07-27T14:19:55.723,"[{""name"": ""Rarity"", ""displayName"": ""Rarity"", ""value"": ""U""}, {""name"": ""Number"", ""displayName"": ""#"", ""value"": ""129""}, {""name"": ""SubType"", ""displayName"": ""Creature Type or Sub Type"", ""value"": ""Artifact \u2014 Equipment""}, {""name"": ""OracleText"", ""displayName"": ""Rules Text Contains"", ""value"": ""Equipped creature has T, Unattach Razor Boomerang: Razor Boomerang deals 1 damage to target creature or player. Return Razor Boomerang to its owner's hand.<br>\r\nEquip 2""}, {""name"": ""FlavorText"", ""displayName"": ""Flavor"", ""value"": ""<em>Few can catch it without losing a finger.</em>""}]"
1,122,34421,Refraction Trap,Refraction Trap,https://www.tcgplayer.com/product/34421/magic-worldwake-refraction-trap,https://tcgplayer-cdn.tcgplayer.com/product/34421_200w.jpg,2023-07-27T14:20:40.583,"[{""name"": ""Rarity"", ""displayName"": ""Rarity"", ""value"": ""U""}, {""name"": ""Number"", ""displayName"": ""#"", ""value"": ""17""}, {""name"": ""SubType"", ""displayName"": ""Creature Type or Sub Type"", ""value"": ""Instant \u2014 Trap""}, {""name"": ""OracleText"", ""displayName"": ""Rules Text Contains"", ""value"": ""If an opponent cast a red instant or sorcery spell this turn, you may pay W rather than pay Refraction Trap's mana cost.<br>\r\nPrevent the next 3 damage that a source of your choice would deal to you and/or permanents you control this turn. If damage is prevented this way, Refraction Trap deals that much damage to target creature or player.""}]"
1,122,34422,Rest for the Weary,Rest for the Weary,https://www.tcgplayer.com/product/34422/magic-worldwake-rest-for-the-weary,https://tcgplayer-cdn.tcgplayer.com/product/34422_200w.jpg,2024-06-01T08:27:05.053,"[{""name"": ""Rarity"", ""displayName"": ""Rarity"", ""value"": ""C""}, {""name"": ""Number"", ""displayName"": ""#"", ""value"": ""18""}, {""name"": ""SubType"", ""displayName"": ""Creature Type or Sub Type"", ""value"": ""Instant""}, {""name"": ""OracleText"", ""displayName"": ""Rules Text Contains"", ""value"": ""Target player gains 4 life.<br>\r\n<em>Landfall</em> \u2014 If you had a land enter the battlefield under your control this turn, that player gains 8 life instead.""}, {""name"": ""FlavorText"", ""displayName"": ""Flavor"", ""value"": ""<em>Zendikar is a brutal taskmaster, but sometimes it offers unexpected solace.</em>""}]"
1,122,34423,Ricochet Trap,Ricochet Trap,https://www.tcgplayer.com/product/34423/magic-worldwake-ricochet-trap,https://tcgplayer-cdn.tcgplayer.com/product/34423_200w.jpg,2024-08-24T14:06:18.563,"[{""name"": ""Rarity"", ""displayName"": ""Rarity"", ""value"": ""U""}, {""name"": ""Number"", ""displayName"": ""#"", ""value"": ""87""}, {""name"": ""SubType"", ""displayName"": ""Creature Type or Sub Type"", ""value"": ""Instant \u2014 Trap""}, {""name"": ""OracleText"", ""displayName"": ""Rules Text Contains"", ""value"": ""If an opponent cast a blue spell this turn, you may pay R rather than pay Ricochet Trap's mana cost.<br>\r\nChange the target of target spell with a single target.""}, {""name"": ""FlavorText"", ""displayName"": ""Flavor"", ""value"": ""<em>In his last seconds, Remhas regretted using his most powerful spell.</em>""}]"
1,122,34424,Roiling Terrain,Roiling Terrain,https://www.tcgplayer.com/product/34424/magic-worldwake-roiling-terrain,https://tcgplayer-cdn.tcgplayer.com/product/34424_200w.jpg,2024-11-25T21:49:31.057,"[{""name"": ""Rarity"", ""displayName"": ""Rarity"", ""value"": ""C""}, {""name"": ""Number"", ""displayName"": ""#"", ""value"": ""88""}, {""name"": ""SubType"", ""displayName"": ""Creature Type or Sub Type"", ""value"": ""Sorcery""}, {""name"": ""OracleText"", ""displayName"": ""Rules Text Contains"", ""value"": ""Destroy target land, then Roiling Terrain deals damage to that land's controller equal to the number of land cards in that player's graveyard.""}, {""name"": ""FlavorText"", ""displayName"": ""Flavor"", ""value"": ""<em>\""The trembling lands ruptured, leaving an open door for things from below to emerge.\""<br> \u2014Screed of the Mul Daya</em>""}]"
1,122,34425,Ruin Ghost,Ruin Ghost,https://www.tcgplayer.com/product/34425/magic-worldwake-ruin-ghost,https://tcgplayer-cdn.tcgplayer.com/product/34425_200w.jpg,2025-10-10T18:56:24.71,"[{""name"": ""Rarity"", ""displayName"": ""Rarity"", ""value"": ""U""}, {""name"": ""Number"", ""displayName"": ""#"", ""value"": ""19""}, {""name"": ""SubType"", ""displayName"": ""Creature Type or Sub Type"", ""value"": ""Creature \u2014 Spirit""}, {""name"": ""P"", ""displayName"": ""P"", ""value"": ""1""}, {""name"": ""T"", ""displayName"": ""T"", ""value"": ""1""}, {""name"": ""OracleText"", ""displayName"": ""Rules Text Contains"", ""value"": ""W,T: Exile target land you control, then return it to the battlefield under your control.""}, {""name"": ""FlavorText"", ""displayName"": ""Flavor"", ""value"": ""<em>The Forsaken Ones haunt the ruins that flicker in and out of the spirit realm. Such sites are hard to find and even harder to loot.</em>""}]"
1,122,34426,Rumbling Aftershocks,Rumbling Aftershocks,https://www.tcgplayer.com/product/34426/magic-worldwake-rumbling-aftershocks,https://tcgplayer-cdn.tcgplayer.com/product/34426_200w.jpg,2025-05-15T20:51:50.607,"[{""name"": ""Rarity"", ""displayName"": ""Rarity"", ""value"": ""U""}, {""name"": ""Number"", ""displayName"": ""#"", ""value"": ""89""}, {""name"": ""SubType"", ""displayName"": ""Creature Type or Sub Type"", ""value"": ""Enchantment""}, {""name"": ""OracleText"", ""displayName"": ""Rules Text Contains"", ""value"": ""Whenever you cast a kicked spell, you may have Rumbling Aftershocks deal damage to target creature or player equal to the number of times that spell was kicked.""}, {""name"": ""FlavorText"", ""displayName"": ""Flavor"", ""value"": ""<em>\""I like it here. You always get a little more for your mana.\""<br> \u2014Chandra Nalaar</em>""}]"
1,122,34427,Ruthless Cullblade,Ruthless Cullblade,https://www.tcgplayer.com/product/34427/magic-worldwake-ruthless-cullblade,https://tcgplayer-cdn.tcgplayer.com/product/34427_200w.jpg,2025-05-15T20:51:49.29,"[{""name"": ""Rarity"", ""displayName"": ""Rarity"", ""value"": ""C""}, {""name"": ""Number"", ""displayName"": ""#"", ""value"": ""65""}, {""name"": ""SubType"", ""displayName"": ""Creature Type or Sub Type"", ""value"": ""Creature \u2014 Vampire Warrior""}, {""name"": ""P"", ""displayName"": ""P"", ""value"": ""2""}, {""name"": ""T"", ""displayName"": ""T"", ""value"": ""1""}, {""name"": ""OracleText"", ""displayName"": ""Rules Text Contains"", ""value"": ""Ruthless Cullblade gets +2/+1 as long as an opponent has 10 or less life.""}, {""name"": ""FlavorText"", ""displayName"": ""Flavor"", ""value"": ""<em>She wields a blade as bloodthirsty and elegant as herself.</em>""}]"
1,122,34428,Scrib Nibblers,Scrib Nibblers,https://www.tcgplayer.com/product/34428/magic-worldwake-scrib-nibblers,https://tcgplayer-cdn.tcgplayer.com/product/34428_200w.jpg,2025-05-15T20:51:49.777,"[{""name"": ""Rarity"", ""displayName"": ""Rarity"", ""value"": ""U""}, {""name"": ""Number"", ""displayName"": ""#"", ""value"": ""66""}, {""name"": ""SubType"", ""displayName"": ""Creature Type or Sub Type"", ""value"": ""Creature \u2014 Rat""}, {""name"": ""P"", ""displayName"": ""P"", ""value"": ""1""}, {""name"": ""T"", ""displayName"": ""T"", ""value"": ""1""}, {""name"": ""OracleText"", ""displayName"": ""Rules Text Contains"", ""value"": ""T: Exile the top card of target player's library. If it's a land card, you gain 1 life.<br>\r\n<em>Landfall</em> \u2014 Whenever a land enters the battlefield under your control, you may untap Scrib Nibblers.""}]"
1,122,34429,Searing Blaze,Searing Blaze,https://www.tcgplayer.com/product/34429/magic-worldwake-searing-blaze,https://tcgplayer-cdn.tcgplayer.com/product/34429_200w.jpg,2024-06-29T05:04:07.223,"[{""name"": ""Rarity"", ""displayName"": ""Rarity"", ""value"": ""C""}, {""name"": ""Number"", ""displayName"": ""#"", ""value"": ""90""}, {""name"": ""SubType"", ""displayName"": ""Creature Type or Sub Type"", ""value"": ""Instant""}, {""name"": ""OracleText"", ""displayName"": ""Rules Text Contains"", ""value"": ""Searing Blaze deals 1 damage to target player and 1 damage to target creature that player controls.<br>\r\n<em>Landfall</em> \u2014 If you had a land enter the battlefield under your control this turn, Searing Blaze deals 3 damage to that player and 3 damage to that creature instead.""}]"
1,122,34430,Seer's Sundial,Seers Sundial,https://www.tcgplayer.com/product/34430/magic-worldwake-seers-sundial,https://tcgplayer-cdn.tcgplayer.com/product/34430_200w.jpg,2023-07-27T17:55:59.62,"[{""name"": ""Rarity"", ""displayName"": ""Rarity"", ""value"": ""R""}, {""name"": ""Number"", ""displayName"": ""#"", ""value"": ""130""}, {""name"": ""SubType"", ""displayName"": ""Creature Type or Sub Type"", ""value"": ""Artifact""}, {""name"": ""OracleText"", ""displayName"": ""Rules Text Contains"", ""value"": ""<em>Landfall</em> \u2014 Whenever a land enters the battlefield under your control, you may pay 2. If you do, draw a card.""}, {""name"": ""FlavorText"", ""displayName"": ""Flavor"", ""value"": ""<em>\""The shadow travels toward the apex. I predict we will soon see the true measure of darkness.\""</em>""}]"
1,122,34431,Sejiri Merfolk,Sejiri Merfolk,https://www.tcgplayer.com/product/34431/magic-worldwake-sejiri-merfolk,https://tcgplayer-cdn.tcgplayer.com/product/34431_200w.jpg,2025-05-15T20:51:49.583,"[{""name"": ""Rarity"", ""displayName"": ""Rarity"", ""value"": ""U""}, {""name"": ""Number"", ""displayName"": ""#"", ""value"": ""36""}, {""name"": ""SubType"", ""displayName"": ""Creature Type or Sub Type"", ""value"": ""Creature \u2014 Merfolk Soldier""}, {""name"": ""P"", ""displayName"": ""P"", ""value"": ""2""}, {""name"": ""T"", ""displayName"": ""T"", ""value"": ""1""}, {""name"": ""OracleText"", ""displayName"": ""Rules Text Contains"", ""value"": ""As long as you control a Plains, Sejiri Merfolk has first strike and lifelink. <em>(Damage dealt by a creature with lifelink also causes its controller to gain that much life.)</em>""}]"
1,122,34432,Sejiri Steppe,Sejiri Steppe,https://www.tcgplayer.com/product/34432/magic-worldwake-sejiri-steppe,https://tcgplayer-cdn.tcgplayer.com/product/34432_200w.jpg,2025-05-15T20:51:50.527,"[{""name"": ""Rarity"", ""displayName"": ""Rarity"", ""value"": ""C""}, {""name"": ""Number"", ""displayName"": ""#"", ""value"": ""142""}, {""name"": ""SubType"", ""displayName"": ""Creature Type or Sub Type"", ""value"": ""Land""}, {""name"": ""OracleText"", ""displayName"": ""Rules Text Contains"", ""value"": ""Sejiri Steppe enters the battlefield tapped.<br>\r\nWhen Sejiri Steppe enters the battlefield, target creature you control gains protection from the color of your choice until end of turn.<br>\r\nT: Add W to your mana pool.""}]"
1,122,34433,Selective Memory,Selective Memory,https://www.tcgplayer.com/product/34433/magic-worldwake-selective-memory,https://tcgplayer-cdn.tcgplayer.com/product/34433_200w.jpg,2023-07-27T14:27:35.287,"[{""name"": ""Rarity"", ""displayName"": ""Rarity"", ""value"": ""R""}, {""name"": ""Number"", ""displayName"": ""#"", ""value"": ""37""}, {""name"": ""SubType"", ""displayName"": ""Creature Type or Sub Type"", ""value"": ""Sorcery""}, {""name"": ""OracleText"", ""displayName"": ""Rules Text Contains"", ""value"": ""Search your library for any number of nonland cards and exile them. Then shuffle your library.""}, {""name"": ""FlavorText"", ""displayName"": ""Flavor"", ""value"": ""<em>\""I of all people know that memory is not a safe place to hide valuables.\""<br> \u2014Jace Beleren</em>""}]"
1,122,34434,Shoreline Salvager,Shoreline Salvager,https://www.tcgplayer.com/product/34434/magic-worldwake-shoreline-salvager,https://tcgplayer-cdn.tcgplayer.com/product/34434_200w.jpg,2023-07-27T14:28:46.913,"[{""name"": ""Rarity"", ""displayName"": ""Rarity"", ""value"": ""U""}, {""name"": ""Number"", ""displayName"": ""#"", ""value"": ""67""}, {""name"": ""SubType"", ""displayName"": ""Creature Type or Sub Type"", ""value"": ""Creature \u2014 Surrakar""}, {""name"": ""P"", ""displayName"": ""P"", ""value"": ""3""}, {""name"": ""T"", ""displayName"": ""T"", ""value"": ""3""}, {""name"": ""OracleText"", ""displayName"": ""Rules Text Contains"", ""value"": ""Whenever Shoreline Salvager deals combat damage to a player, if you control an Island, you may draw a card.""}, {""name"": ""FlavorText"", ""displayName"": ""Flavor"", ""value"": ""<em>\""They search for treasures that wash up from the depths. Tracking one could lead you to riches. Or in circles.\""<br> \u2014Javad Nasrin, Ondu relic hunter</em>""}]"
1,122,34435,Skitter of Lizards,Skitter of Lizards,https://www.tcgplayer.com/product/34435/magic-worldwake-skitter-of-lizards,https://tcgplayer-cdn.tcgplayer.com/product/34435_200w.jpg,2023-07-27T14:29:08.503,"[{""name"": ""Rarity"", ""displayName"": ""Rarity"", ""value"": ""C""}, {""name"": ""Number"", ""displayName"": ""#"", ""value"": ""91""}, {""name"": ""SubType"", ""displayName"": ""Creature Type or Sub Type"", ""value"": ""Creature \u2014 Lizard""}, {""name"": ""P"", ""displayName"": ""P"", ""value"": ""1""}, {""name"": ""T"", ""displayName"": ""T"", ""value"": ""1""}, {""name"": ""OracleText"", ""displayName"": ""Rules Text Contains"", ""value"": ""Multikicker 1R <em>(You may pay an additional 1R any number of times as you cast this spell.)</em>\r\n<br>Haste \r\n<br>Skitter of Lizards enters the battlefield with a +1/+1 counter on it for each time it was kicked.""}]"
1,122,34436,Slavering Nulls,Slavering Nulls,https://www.tcgplayer.com/product/34436/magic-worldwake-slavering-nulls,https://tcgplayer-cdn.tcgplayer.com/product/34436_200w.jpg,2026-03-23T18:12:22.793,"[{""name"": ""Rarity"", ""displayName"": ""Rarity"", ""value"": ""U""}, {""name"": ""Number"", ""displayName"": ""#"", ""value"": ""92""}, {""name"": ""SubType"", ""displayName"": ""Creature Type or Sub Type"", ""value"": ""Creature \u2014 Goblin Zombie""}, {""name"": ""P"", ""displayName"": ""P"", ""value"": ""2""}, {""name"": ""T"", ""displayName"": ""T"", ""value"": ""1""}, {""name"": ""OracleText"", ""displayName"": ""Rules Text Contains"", ""value"": ""Whenever Slavering Nulls deals combat damage to a player, if you control a Swamp, you may have that player discard a card.""}, {""name"": ""FlavorText"", ""displayName"": ""Flavor"", ""value"": ""<em>Having lost their minds, they now want yours.</em>""}]"
1,122,34437,Slingbow Trap,Slingbow Trap,https://www.tcgplayer.com/product/34437/magic-worldwake-slingbow-trap,https://tcgplayer-cdn.tcgplayer.com/product/34437_200w.jpg,2023-07-27T14:21:15.817,"[{""name"": ""Rarity"", ""displayName"": ""Rarity"", ""value"": ""U""}, {""name"": ""Number"", ""displayName"": ""#"", ""value"": ""111""}, {""name"": ""SubType"", ""displayName"": ""Creature Type or Sub Type"", ""value"": ""Instant \u2014 Trap""}, {""name"": ""OracleText"", ""displayName"": ""Rules Text Contains"", ""value"": ""If a black creature with flying is attacking, you may pay G rather than pay Slingbow Trap's mana cost.\r\n<br>Destroy target attacking creature with flying.""}, {""name"": ""FlavorText"", ""displayName"": ""Flavor"", ""value"": ""<em>The Tajuru elves devised ways to let the forest defend itself.</em>""}]"
1,122,34438,Smoldering Spires,Smoldering Spires,https://www.tcgplayer.com/product/34438/magic-worldwake-smoldering-spires,https://tcgplayer-cdn.tcgplayer.com/product/34438_200w.jpg,2023-07-27T17:59:51.443,"[{""name"": ""Rarity"", ""displayName"": ""Rarity"", ""value"": ""C""}, {""name"": ""Number"", ""displayName"": ""#"", ""value"": ""143""}, {""name"": ""SubType"", ""displayName"": ""Creature Type or Sub Type"", ""value"": ""Land""}, {""name"": ""OracleText"", ""displayName"": ""Rules Text Contains"", ""value"": ""Smoldering Spires enters the battlefield tapped.<br>\r\nWhen Smoldering Spires enters the battlefield, target creature can't block this turn.<br>\r\nT: Add R to your mana pool.""}]"
1,122,34439,Smother,Smother,https://www.tcgplayer.com/product/34439/magic-worldwake-smother,https://tcgplayer-cdn.tcgplayer.com/product/34439_200w.jpg,2023-07-27T18:01:12.7,"[{""name"": ""Rarity"", ""displayName"": ""Rarity"", ""value"": ""U""}, {""name"": ""Number"", ""displayName"": ""#"", ""value"": ""68""}, {""name"": ""SubType"", ""displayName"": ""Creature Type or Sub Type"", ""value"": ""Instant""}, {""name"": ""OracleText"", ""displayName"": ""Rules Text Contains"", ""value"": ""Destroy target creature with converted mana cost 3 or less. It can't be regenerated.""}, {""name"": ""FlavorText"", ""displayName"": ""Flavor"", ""value"": ""<em>\""Before I hire new recruits, I test how long they can hold their breath. You'd be surprised how often it comes up.\"" <br>\u2014Zahr Gada, Halimar expedition leader</em>""}]"
1,122,34440,Snapping Creeper,Snapping Creeper,https://www.tcgplayer.com/product/34440/magic-worldwake-snapping-creeper,https://tcgplayer-cdn.tcgplayer.com/product/34440_200w.jpg,2025-05-15T20:51:50.387,"[{""name"": ""Rarity"", ""displayName"": ""Rarity"", ""value"": ""C""}, {""name"": ""Number"", ""displayName"": ""#"", ""value"": ""112""}, {""name"": ""SubType"", ""displayName"": ""Creature Type or Sub Type"", ""value"": ""Creature \u2014 Plant""}, {""name"": ""P"", ""displayName"": ""P"", ""value"": ""2""}, {""name"": ""T"", ""displayName"": ""T"", ""value"": ""3""}, {""name"": ""OracleText"", ""displayName"": ""Rules Text Contains"", ""value"": ""<em>Landfall</em> \u2014 Whenever a land enters the battlefield under your control, Snapping Creeper gains vigilance until end of turn.""}, {""name"": ""FlavorText"", ""displayName"": ""Flavor"", ""value"": ""<em>Its vast network of roots and vines keeps it aware of distant dangers.</em>""}]"
1,122,34441,Spell Contortion,Spell Contortion,https://www.tcgplayer.com/product/34441/magic-worldwake-spell-contortion,https://tcgplayer-cdn.tcgplayer.com/product/34441_200w.jpg,2023-07-27T18:04:21.367,"[{""name"": ""Rarity"", ""displayName"": ""Rarity"", ""value"": ""U""}, {""name"": ""Number"", ""displayName"": ""#"", ""value"": ""38""}, {""name"": ""SubType"", ""displayName"": ""Creature Type or Sub Type"", ""value"": ""Instant""}, {""name"": ""OracleText"", ""displayName"": ""Rules Text Contains"", ""value"": ""Multikicker 1U <em>(You may pay an additional 1U any number of times as you cast this spell.)</em><br>\r\nCounter target spell unless its controller pays 2. Draw a card for each time Spell Contortion was kicked.""}]"
1,122,34442,Stirring Wildwood,Stirring Wildwood,https://www.tcgplayer.com/product/34442/magic-worldwake-stirring-wildwood,https://tcgplayer-cdn.tcgplayer.com/product/34442_200w.jpg,2023-07-27T18:04:48.567,"[{""name"": ""Rarity"", ""displayName"": ""Rarity"", ""value"": ""R""}, {""name"": ""Number"", ""displayName"": ""#"", ""value"": ""144""}, {""name"": ""SubType"", ""displayName"": ""Creature Type or Sub Type"", ""value"": ""Land""}, {""name"": ""OracleText"", ""displayName"": ""Rules Text Contains"", ""value"": ""Stirring Wildwood enters the battlefield tapped.\r\n<br>T: Add G or W to your mana pool.\r\n<br>1GW: Until end of turn, Stirring Wildwood becomes a 3/4 green and white Elemental creature with reach. It's still a land.""}]"
1,122,34443,Stone Idol Trap,Stone Idol Trap,https://www.tcgplayer.com/product/34443/magic-worldwake-stone-idol-trap,https://tcgplayer-cdn.tcgplayer.com/product/34443_200w.jpg,2023-07-27T18:05:42.19,"[{""name"": ""Rarity"", ""displayName"": ""Rarity"", ""value"": ""R""}, {""name"": ""Number"", ""displayName"": ""#"", ""value"": ""93""}, {""name"": ""SubType"", ""displayName"": ""Creature Type or Sub Type"", ""value"": ""Instant \u2014 Trap""}, {""name"": ""OracleText"", ""displayName"": ""Rules Text Contains"", ""value"": ""Stone Idol Trap costs 1 less to cast for each attacking creature.<br>\r\nPut a 6/12 colorless Construct artifact creature token with trample onto the battlefield. Exile it at the beginning of your next end step.""}]"
1,122,34444,Stoneforge Mystic,Stoneforge Mystic,https://www.tcgplayer.com/product/34444/magic-worldwake-stoneforge-mystic,https://tcgplayer-cdn.tcgplayer.com/product/34444_200w.jpg,2026-04-21T22:52:50.393,"[{""name"": ""Rarity"", ""displayName"": ""Rarity"", ""value"": ""R""}, {""name"": ""Number"", ""displayName"": ""#"", ""value"": ""20""}, {""name"": ""SubType"", ""displayName"": ""Creature Type or Sub Type"", ""value"": ""Creature \u2014 Kor Artificer""}, {""name"": ""P"", ""displayName"": ""P"", ""value"": ""1""}, {""name"": ""T"", ""displayName"": ""T"", ""value"": ""2""}, {""name"": ""OracleText"", ""displayName"": ""Rules Text Contains"", ""value"": ""When Stoneforge Mystic enters the battlefield, you may search your library for an Equipment card, reveal it, put it into your hand, then shuffle your library.\r\n<br>1W, T: You may put an Equipment card from your hand onto the battlefield.""}]"
1,122,34445,Strength of the Tajuru,Strength of the Tajuru,https://www.tcgplayer.com/product/34445/magic-worldwake-strength-of-the-tajuru,https://tcgplayer-cdn.tcgplayer.com/product/34445_200w.jpg,2025-10-22T22:35:49.46,"[{""name"": ""Rarity"", ""displayName"": ""Rarity"", ""value"": ""R""}, {""name"": ""Number"", ""displayName"": ""#"", ""value"": ""113""}, {""name"": ""SubType"", ""displayName"": ""Creature Type or Sub Type"", ""value"": ""Instant""}, {""name"": ""OracleText"", ""displayName"": ""Rules Text Contains"", ""value"": ""Multikicker 1 <em>(You may pay an additional 1 any number of times as you cast this spell.)</em><br>\r\nChoose target creature, then choose another target creature for each time Strength of the Tajuru was kicked. Put X +1/+1 counters on each of them.""}]"
1,122,34446,Summit Apes,Summit Apes,https://www.tcgplayer.com/product/34446/magic-worldwake-summit-apes,https://tcgplayer-cdn.tcgplayer.com/product/34446_200w.jpg,2023-07-27T14:10:19.733,"[{""name"": ""Rarity"", ""displayName"": ""Rarity"", ""value"": ""U""}, {""name"": ""Number"", ""displayName"": ""#"", ""value"": ""114""}, {""name"": ""SubType"", ""displayName"": ""Creature Type or Sub Type"", ""value"": ""Creature \u2014 Ape""}, {""name"": ""P"", ""displayName"": ""P"", ""value"": ""5""}, {""name"": ""T"", ""displayName"": ""T"", ""value"": ""2""}, {""name"": ""OracleText"", ""displayName"": ""Rules Text Contains"", ""value"": ""As long as you control a Mountain, Summit Apes can't be blocked except by two or more creatures.""}, {""name"": ""FlavorText"", ""displayName"": ""Flavor"", ""value"": ""<em>\""If you climb Skyfang Peak, avoid the pass. Generations of apes made that trail, and they don't tolerate trespassers.\"" \u2014Sachir, Akoum Expeditionary House</em>""}]"
1,122,34447,Surrakar Banisher,Surrakar Banisher,https://www.tcgplayer.com/product/34447/magic-worldwake-surrakar-banisher,https://tcgplayer-cdn.tcgplayer.com/product/34447_200w.jpg,2023-07-27T14:06:29.463,"[{""name"": ""Rarity"", ""displayName"": ""Rarity"", ""value"": ""C""}, {""name"": ""Number"", ""displayName"": ""#"", ""value"": ""39""}, {""name"": ""SubType"", ""displayName"": ""Creature Type or Sub Type"", ""value"": ""Creature \u2014 Surrakar""}, {""name"": ""P"", ""displayName"": ""P"", ""value"": ""3""}, {""name"": ""T"", ""displayName"": ""T"", ""value"": ""3""}, {""name"": ""OracleText"", ""displayName"": ""Rules Text Contains"", ""value"": ""When Surrakar Banisher enters the battlefield, you may return target tapped creature to its owner's hand.""}, {""name"": ""FlavorText"", ""displayName"": ""Flavor"", ""value"": ""<em>Surrakar grab things they</em> don't <em>want.</em>""}]"
1,122,34448,Talus Paladin,Talus Paladin,https://www.tcgplayer.com/product/34448/magic-worldwake-talus-paladin,https://tcgplayer-cdn.tcgplayer.com/product/34448_200w.jpg,2023-07-27T14:00:24.877,"[{""name"": ""Rarity"", ""displayName"": ""Rarity"", ""value"": ""R""}, {""name"": ""Number"", ""displayName"": ""#"", ""value"": ""21""}, {""name"": ""SubType"", ""displayName"": ""Creature Type or Sub Type"", ""value"": ""Creature \u2014 Human Knight Ally""}, {""name"": ""P"", ""displayName"": ""P"", ""value"": ""2""}, {""name"": ""T"", ""displayName"": ""T"", ""value"": ""3""}, {""name"": ""OracleText"", ""displayName"": ""Rules Text Contains"", ""value"": ""Whenever Talus Paladin or another Ally enters the battlefield under your control, you may have Allies you control gain lifelink until end of turn, and you may put a +1/+1 counter on Talus Paladin.""}, {""name"": ""FlavorText"", ""displayName"": ""Flavor"", ""value"": ""<em>\""Why fill pockets with gold when you can fill hearts with conviction?\""</em>""}]"
1,122,34449,Tectonic Edge,Tectonic Edge,https://www.tcgplayer.com/product/34449/magic-worldwake-tectonic-edge,https://tcgplayer-cdn.tcgplayer.com/product/34449_200w.jpg,2023-07-27T13:59:38.607,"[{""name"": ""Rarity"", ""displayName"": ""Rarity"", ""value"": ""U""}, {""name"": ""Number"", ""displayName"": ""#"", ""value"": ""145""}, {""name"": ""SubType"", ""displayName"": ""Creature Type or Sub Type"", ""value"": ""Land""}, {""name"": ""OracleText"", ""displayName"": ""Rules Text Contains"", ""value"": ""T: Add 1 to your mana pool.\r\n1, T, Sacrifice Tectonic Edge: Destroy target nonbasic land. Activate this ability only if an opponent controls four or more lands.""}, {""name"": ""FlavorText"", ""displayName"": ""Flavor"", ""value"": ""<em>\""We move because the earth does.\""<br> \u2014Bruse Tarl, Goma Fada nomad</em>""}]"
1,122,34450,Terastodon,Terastodon,https://www.tcgplayer.com/product/34450/magic-worldwake-terastodon,https://tcgplayer-cdn.tcgplayer.com/product/34450_200w.jpg,2023-07-27T13:49:53.623,"[{""name"": ""Rarity"", ""displayName"": ""Rarity"", ""value"": ""R""}, {""name"": ""Number"", ""displayName"": ""#"", ""value"": ""115""}, {""name"": ""SubType"", ""displayName"": ""Creature Type or Sub Type"", ""value"": ""Creature \u2014 Elephant""}, {""name"": ""P"", ""displayName"": ""P"", ""value"": ""9""}, {""name"": ""T"", ""displayName"": ""T"", ""value"": ""9""}, {""name"": ""OracleText"", ""displayName"": ""Rules Text Contains"", ""value"": ""When Terastodon enters the battlefield, you may destroy up to three target noncreature permanents. For each permanent put into a graveyard this way, its controller puts a 3/3 green Elephant creature token onto the battlefield.""}]"
1,122,34451,Terra Eternal,Terra Eternal,https://www.tcgplayer.com/product/34451/magic-worldwake-terra-eternal,https://tcgplayer-cdn.tcgplayer.com/product/34451_200w.jpg,2026-02-06T01:38:16.937,"[{""name"": ""Rarity"", ""displayName"": ""Rarity"", ""value"": ""R""}, {""name"": ""Number"", ""displayName"": ""#"", ""value"": ""22""}, {""name"": ""SubType"", ""displayName"": ""Creature Type or Sub Type"", ""value"": ""Enchantment""}, {""name"": ""OracleText"", ""displayName"": ""Rules Text Contains"", ""value"": ""All lands are indestructible.""}, {""name"": ""FlavorText"", ""displayName"": ""Flavor"", ""value"": ""<em>\""If this world could make a wish, it would be to survive the parasites who loot its treasures and threaten its life force.\"" \u2014Saidah, Joraga hunter</em>""}]"
1,122,34452,"Thada Adel, Acquisitor",Thada Adel Acquisitor,https://www.tcgplayer.com/product/34452/magic-worldwake-thada-adel-acquisitor,https://tcgplayer-cdn.tcgplayer.com/product/34452_200w.jpg,2026-03-02T16:16:03.123,"[{""name"": ""Rarity"", ""displayName"": ""Rarity"", ""value"": ""R""}, {""name"": ""Number"", ""displayName"": ""#"", ""value"": ""40""}, {""name"": ""SubType"", ""displayName"": ""Creature Type or Sub Type"", ""value"": ""Legendary Creature \u2014 Merfolk Rogue""}, {""name"": ""P"", ""displayName"": ""P"", ""value"": ""2""}, {""name"": ""T"", ""displayName"": ""T"", ""value"": ""2""}, {""name"": ""OracleText"", ""displayName"": ""Rules Text Contains"", ""value"": ""Islandwalk<br>\r\nWhenever Thada Adel, Acquisitor deals combat damage to a player, search that player's library for an artifact card and exile it. Then that player shuffles his or her library. Until end of turn, you may play that card.""}]"
1,122,34453,Tideforce Elemental,Tideforce Elemental,https://www.tcgplayer.com/product/34453/magic-worldwake-tideforce-elemental,https://tcgplayer-cdn.tcgplayer.com/product/34453_200w.jpg,2026-01-16T04:37:53.133,"[{""name"": ""Rarity"", ""displayName"": ""Rarity"", ""value"": ""U""}, {""name"": ""Number"", ""displayName"": ""#"", ""value"": ""41""}, {""name"": ""SubType"", ""displayName"": ""Creature Type or Sub Type"", ""value"": ""Creature Elemental""}, {""name"": ""P"", ""displayName"": ""P"", ""value"": ""2""}, {""name"": ""T"", ""displayName"": ""T"", ""value"": ""1""}, {""name"": ""OracleText"", ""displayName"": ""Rules Text Contains"", ""value"": ""{U}, {T}: You may tap or untap another target creature.\r\nLandfall \u2014 Whenever a land enters the battlefield under your control, you may untap Tideforce Elemental.""}, {""name"": ""FlavorText"", ""displayName"": ""Flavor"", ""value"": ""Ebb and flow, high tide and low, quick as sand and just as slow.""}]"
1,122,34454,Tomb Hex,Tomb Hex,https://www.tcgplayer.com/product/34454/magic-worldwake-tomb-hex,https://tcgplayer-cdn.tcgplayer.com/product/34454_200w.jpg,2014-04-25T12:04:46.463,"[{""name"": ""Rarity"", ""displayName"": ""Rarity"", ""value"": ""C""}, {""name"": ""Number"", ""displayName"": ""#"", ""value"": ""69""}, {""name"": ""SubType"", ""displayName"": ""Creature Type or Sub Type"", ""value"": ""Instant""}, {""name"": ""OracleText"", ""displayName"": ""Rules Text Contains"", ""value"": ""Target creature gets -2/-2 until end of turn.\r\nLandfall \u2014 If you had a land enter the battlefield under your control this turn, that creature gets -4/-4 until end of turn instead.""}]"
1,122,34455,Treasure Hunt,Treasure Hunt,https://www.tcgplayer.com/product/34455/magic-worldwake-treasure-hunt,https://tcgplayer-cdn.tcgplayer.com/product/34455_200w.jpg,2026-03-02T16:15:15.88,"[{""name"": ""Rarity"", ""displayName"": ""Rarity"", ""value"": ""C""}, {""name"": ""Number"", ""displayName"": ""#"", ""value"": ""42""}, {""name"": ""SubType"", ""displayName"": ""Creature Type or Sub Type"", ""value"": ""Sorcery""}, {""name"": ""OracleText"", ""displayName"": ""Rules Text Contains"", ""value"": ""Reveal cards from the top of your library until you reveal a nonland card, then put all cards revealed this way into your hand.""}, {""name"": ""FlavorText"", ""displayName"": ""Flavor"", ""value"": ""\""The longer the journey, the more one learns.\"" \u2014Isanke, Halimar seastalker""}]"
1,122,34456,Tuktuk Scrapper,Tuktuk Scrapper,https://www.tcgplayer.com/product/34456/magic-worldwake-tuktuk-scrapper,https://tcgplayer-cdn.tcgplayer.com/product/34456_200w.jpg,2026-03-21T01:29:17.323,"[{""name"": ""Rarity"", ""displayName"": ""Rarity"", ""value"": ""U""}, {""name"": ""Number"", ""displayName"": ""#"", ""value"": ""94""}, {""name"": ""SubType"", ""displayName"": ""Creature Type or Sub Type"", ""value"": ""Creature Goblin Artificer Ally""}, {""name"": ""P"", ""displayName"": ""P"", ""value"": ""2""}, {""name"": ""T"", ""displayName"": ""T"", ""value"": ""2""}, {""name"": ""OracleText"", ""displayName"": ""Rules Text Contains"", ""value"": ""Whenever Tuktuk Scrapper or another Ally enters the battlefield under your control, you may destroy target artifact. If that artifact is put into a graveyard this way, Tuktuk Scrapper deals damage to that artifact's controller equal to the number of Allies you control.""}]"
1,122,34457,Twitch,Twitch,https://www.tcgplayer.com/product/34457/magic-worldwake-twitch,https://tcgplayer-cdn.tcgplayer.com/product/34457_200w.jpg,2024-10-03T04:10:34.413,"[{""name"": ""Rarity"", ""displayName"": ""Rarity"", ""value"": ""C""}, {""name"": ""Number"", ""displayName"": ""#"", ""value"": ""43""}, {""name"": ""SubType"", ""displayName"": ""Creature Type or Sub Type"", ""value"": ""Instant""}, {""name"": ""OracleText"", ""displayName"": ""Rules Text Contains"", ""value"": ""You may tap or untap target artifact, creature, or land.\r\nDraw a card.""}, {""name"": ""FlavorText"", ""displayName"": ""Flavor"", ""value"": ""\""The flow is diverted. Your path is clear. What are you waiting for\u2014the cave to bid you welcome?\"" \u2014Maizah Shere, Tazeem lullmage""}]"
1,122,34458,Urge to Feed,Urge to Feed,https://www.tcgplayer.com/product/34458/magic-worldwake-urge-to-feed,https://tcgplayer-cdn.tcgplayer.com/product/34458_200w.jpg,2024-10-10T11:36:22.81,"[{""name"": ""Rarity"", ""displayName"": ""Rarity"", ""value"": ""U""}, {""name"": ""Number"", ""displayName"": ""#"", ""value"": ""70""}, {""name"": ""SubType"", ""displayName"": ""Creature Type or Sub Type"", ""value"": ""Instant""}, {""name"": ""OracleText"", ""displayName"": ""Rules Text Contains"", ""value"": ""Target creature gets -3/-3 until end of turn. You may tap any number of untapped Vampire creatures you control. If you do, put a +1/+1 counter on each of those Vampires.""}]"
1,122,34459,Vapor Snare,Vapor Snare,https://www.tcgplayer.com/product/34459/magic-worldwake-vapor-snare,https://tcgplayer-cdn.tcgplayer.com/product/34459_200w.jpg,2019-09-19T15:41:37.62,"[{""name"": ""Rarity"", ""displayName"": ""Rarity"", ""value"": ""U""}, {""name"": ""Number"", ""displayName"": ""#"", ""value"": ""44""}, {""name"": ""SubType"", ""displayName"": ""Creature Type or Sub Type"", ""value"": ""Enchantment Aura""}, {""name"": ""OracleText"", ""displayName"": ""Rules Text Contains"", ""value"": ""Enchant creature\r\nYou control enchanted creature. \r\nAt the beginning of your upkeep, sacrifice Vapor Snare unless you return a land you control to its owner's hand.""}]"
1,122,34460,Vastwood Animist,Vastwood Animist,https://www.tcgplayer.com/product/34460/magic-worldwake-vastwood-animist,https://tcgplayer-cdn.tcgplayer.com/product/34460_200w.jpg,2020-01-14T15:04:13.563,"[{""name"": ""Rarity"", ""displayName"": ""Rarity"", ""value"": ""U""}, {""name"": ""Number"", ""displayName"": ""#"", ""value"": ""116""}, {""name"": ""SubType"", ""displayName"": ""Creature Type or Sub Type"", ""value"": ""Creature Elf Shaman Ally""}, {""name"": ""P"", ""displayName"": ""P"", ""value"": ""1""}, {""name"": ""T"", ""displayName"": ""T"", ""value"": ""1""}, {""name"": ""OracleText"", ""displayName"": ""Rules Text Contains"", ""value"": ""{T}: Target land you control becomes an X/X Elemental creature until end of turn, where X is the number of Allies you control. It's still a land.""}, {""name"": ""FlavorText"", ""displayName"": ""Flavor"", ""value"": ""He calls on the forests for counsel and summons the earth to his cause.""}]"
1,122,34461,Vastwood Zendikon,Vastwood Zendikon,https://www.tcgplayer.com/product/34461/magic-worldwake-vastwood-zendikon,https://tcgplayer-cdn.tcgplayer.com/product/34461_200w.jpg,2026-06-02T00:04:43.6,"[{""name"": ""Rarity"", ""displayName"": ""Rarity"", ""value"": ""C""}, {""name"": ""Number"", ""displayName"": ""#"", ""value"": ""117""}, {""name"": ""SubType"", ""displayName"": ""Creature Type or Sub Type"", ""value"": ""Enchantment Aura""}, {""name"": ""OracleText"", ""displayName"": ""Rules Text Contains"", ""value"": ""Enchant land\r\nEnchanted land is a 6/4 green Elemental creature. It's still a land. \r\nWhen enchanted land is put into a graveyard, return that card to its owner's hand.""}]"
1,122,34462,Veteran's Reflexes,Veterans Reflexes,https://www.tcgplayer.com/product/34462/magic-worldwake-veterans-reflexes,https://tcgplayer-cdn.tcgplayer.com/product/34462_200w.jpg,2026-03-23T18:10:33.75,"[{""name"": ""Rarity"", ""displayName"": ""Rarity"", ""value"": ""C""}, {""name"": ""Number"", ""displayName"": ""#"", ""value"": ""23""}, {""name"": ""SubType"", ""displayName"": ""Creature Type or Sub Type"", ""value"": ""Instant""}, {""name"": ""OracleText"", ""displayName"": ""Rules Text Contains"", ""value"": ""Target creature gets +1/+1 until end of turn. Untap that creature.""}, {""name"": ""FlavorText"", ""displayName"": ""Flavor"", ""value"": ""\""Assume everything wants to kill you. At the very least, assume everything wants what's in your pack.\""""}]"
1,122,34463,Voyager Drake,Voyager Drake,https://www.tcgplayer.com/product/34463/magic-worldwake-voyager-drake,https://tcgplayer-cdn.tcgplayer.com/product/34463_200w.jpg,2025-05-15T20:51:50.307,"[{""name"": ""Rarity"", ""displayName"": ""Rarity"", ""value"": ""U""}, {""name"": ""Number"", ""displayName"": ""#"", ""value"": ""45""}, {""name"": ""SubType"", ""displayName"": ""Creature Type or Sub Type"", ""value"": ""Creature Drake""}, {""name"": ""P"", ""displayName"": ""P"", ""value"": ""3""}, {""name"": ""T"", ""displayName"": ""T"", ""value"": ""3""}, {""name"": ""OracleText"", ""displayName"": ""Rules Text Contains"", ""value"": ""Multikicker {U} (You may pay an additional {U} any number of times as you cast this spell.)\r\nFlying \r\nWhen Voyager Drake enters the battlefield, up to X target creatures gain flying until end of turn, where X is the number of times Voyager Drake was kicked.""}]"
1,122,34464,Walking Atlas,Walking Atlas,https://www.tcgplayer.com/product/34464/magic-worldwake-walking-atlas,https://tcgplayer-cdn.tcgplayer.com/product/34464_200w.jpg,2026-02-19T20:42:53.377,"[{""name"": ""Rarity"", ""displayName"": ""Rarity"", ""value"": ""C""}, {""name"": ""Number"", ""displayName"": ""#"", ""value"": ""131""}, {""name"": ""SubType"", ""displayName"": ""Creature Type or Sub Type"", ""value"": ""Artifact Creature Construct""}, {""name"": ""P"", ""displayName"": ""P"", ""value"": ""1""}, {""name"": ""T"", ""displayName"": ""T"", ""value"": ""1""}, {""name"": ""OracleText"", ""displayName"": ""Rules Text Contains"", ""value"": ""{T}: You may put a land card from your hand onto the battlefield.""}, {""name"": ""FlavorText"", ""displayName"": ""Flavor"", ""value"": ""Crafted by lullmages and bound to the land, it alters itself to match the tumultuous terrain.""}]"
1,122,34465,Wind Zendikon,Wind Zendikon,https://www.tcgplayer.com/product/34465/magic-worldwake-wind-zendikon,https://tcgplayer-cdn.tcgplayer.com/product/34465_200w.jpg,2022-03-25T15:25:53.01,"[{""name"": ""Rarity"", ""displayName"": ""Rarity"", ""value"": ""C""}, {""name"": ""Number"", ""displayName"": ""#"", ""value"": ""46""}, {""name"": ""SubType"", ""displayName"": ""Creature Type or Sub Type"", ""value"": ""Enchantment Aura""}, {""name"": ""OracleText"", ""displayName"": ""Rules Text Contains"", ""value"": ""Enchant land\r\nEnchanted land is a 2/2 blue Elemental creature with flying. It's still a land. \r\nWhen enchanted land is put into a graveyard, return that card to its owner's hand.""}]"
1,122,34466,Wolfbriar Elemental,Wolfbriar Elemental,https://www.tcgplayer.com/product/34466/magic-worldwake-wolfbriar-elemental,https://tcgplayer-cdn.tcgplayer.com/product/34466_200w.jpg,2023-05-12T14:08:30.08,"[{""name"": ""Rarity"", ""displayName"": ""Rarity"", ""value"": ""R""}, {""name"": ""Number"", ""displayName"": ""#"", ""value"": ""118""}, {""name"": ""SubType"", ""displayName"": ""Creature Type or Sub Type"", ""value"": ""Creature Elemental""}, {""name"": ""P"", ""displayName"": ""P"", ""value"": ""4""}, {""name"": ""T"", ""displayName"": ""T"", ""value"": ""4""}, {""name"": ""OracleText"", ""displayName"": ""Rules Text Contains"", ""value"": ""Multikicker {G} (You may pay an additional {G} any number of times as you cast this spell.)\r\nWhen Wolfbriar Elemental enters the battlefield, put a 2/2 green Wolf creature token onto the battlefield for each time it was kicked.""}]"
1,122,34467,"Wrexial, the Risen Deep",Wrexial the Risen Deep,https://www.tcgplayer.com/product/34467/magic-worldwake-wrexial-the-risen-deep,https://tcgplayer-cdn.tcgplayer.com/product/34467_200w.jpg,2022-03-25T08:17:04.43,"[{""name"": ""Rarity"", ""displayName"": ""Rarity"", ""value"": ""M""}, {""name"": ""Number"", ""displayName"": ""#"", ""value"": ""120""}, {""name"": ""SubType"", ""displayName"": ""Creature Type or Sub Type"", ""value"": ""Legendary Creature Kraken""}, {""name"": ""P"", ""displayName"": ""P"", ""value"": ""5""}, {""name"": ""T"", ""displayName"": ""T"", ""value"": ""8""}, {""name"": ""OracleText"", ""displayName"": ""Rules Text Contains"", ""value"": ""Islandwalk, swampwalk\r\nWhenever Wrexial, the Risen Deep deals combat damage to a player, you may cast target instant or sorcery card from that player's graveyard without paying its mana cost. If that card would be put into a graveyard this turn, exile it instead.""}]"
1,122,34468,Worldwake - Booster Box,Worldwake Booster Box,https://www.tcgplayer.com/product/34468/magic-worldwake-worldwake-booster-box,https://tcgplayer-cdn.tcgplayer.com/product/34468_200w.jpg,2013-05-09T12:13:41.653,[]
1,122,34469,Worldwake - Booster Pack,Worldwake Booster Pack,https://www.tcgplayer.com/product/34469/magic-worldwake-worldwake-booster-pack,https://tcgplayer-cdn.tcgplayer.com/product/34469_200w.jpg,2013-05-09T12:13:41.653,[]
1,122,78334,Worldwake - Fat Pack,Worldwake Fat Pack,https://www.tcgplayer.com/product/78334/magic-worldwake-worldwake-fat-pack,https://tcgplayer-cdn.tcgplayer.com/product/78334_200w.jpg,2019-10-11T12:17:48.017,[]
1,122,78508,Construct Token,Construct Token,https://www.tcgplayer.com/product/78508/magic-worldwake-construct-token,https://tcgplayer-cdn.tcgplayer.com/product/78508_200w.jpg,2023-07-26T20:07:16.823,"[{""name"": ""Rarity"", ""displayName"": ""Rarity"", ""value"": ""T""}, {""name"": ""Number"", ""displayName"": ""#"", ""value"": ""6""}, {""name"": ""SubType"", ""displayName"": ""Creature Type or Sub Type"", ""value"": ""Token""}, {""name"": ""OracleText"", ""displayName"": ""Rules Text Contains"", ""value"": ""Trample""}]"
1,122,78509,Dragon Token,Dragon Token,https://www.tcgplayer.com/product/78509/magic-worldwake-dragon-token,https://tcgplayer-cdn.tcgplayer.com/product/78509_200w.jpg,2023-07-20T20:21:15.783,"[{""name"": ""Rarity"", ""displayName"": ""Rarity"", ""value"": ""T""}, {""name"": ""Number"", ""displayName"": ""#"", ""value"": ""2""}, {""name"": ""SubType"", ""displayName"": ""Creature Type or Sub Type"", ""value"": ""Token""}, {""name"": ""P"", ""displayName"": ""P"", ""value"": ""5""}, {""name"": ""T"", ""displayName"": ""T"", ""value"": ""5""}, {""name"": ""OracleText"", ""displayName"": ""Rules Text Contains"", ""value"": ""Flying""}]"
1,122,78510,Elephant Token,Elephant Token,https://www.tcgplayer.com/product/78510/magic-worldwake-elephant-token,https://tcgplayer-cdn.tcgplayer.com/product/78510_200w.jpg,2023-07-20T20:28:59.917,"[{""name"": ""Rarity"", ""displayName"": ""Rarity"", ""value"": ""T""}, {""name"": ""Number"", ""displayName"": ""#"", ""value"": ""4""}, {""name"": ""SubType"", ""displayName"": ""Creature Type or Sub Type"", ""value"": ""Token""}, {""name"": ""P"", ""displayName"": ""P"", ""value"": ""3""}, {""name"": ""T"", ""displayName"": ""T"", ""value"": ""3""}]"
1,122,78511,Ogre Token,Ogre Token,https://www.tcgplayer.com/product/78511/magic-worldwake-ogre-token,https://tcgplayer-cdn.tcgplayer.com/product/78511_200w.jpg,2023-07-27T13:44:05.077,"[{""name"": ""Rarity"", ""displayName"": ""Rarity"", ""value"": ""T""}, {""name"": ""Number"", ""displayName"": ""#"", ""value"": ""3""}, {""name"": ""SubType"", ""displayName"": ""Creature Type or Sub Type"", ""value"": ""Creature \u2014 Ogre""}]"
1,122,78512,Plant Token,Plant Token,https://www.tcgplayer.com/product/78512/magic-worldwake-plant-token,https://tcgplayer-cdn.tcgplayer.com/product/78512_200w.jpg,2023-07-27T13:47:49.69,"[{""name"": ""Rarity"", ""displayName"": ""Rarity"", ""value"": ""T""}, {""name"": ""Number"", ""displayName"": ""#"", ""value"": ""5""}, {""name"": ""SubType"", ""displayName"": ""Creature Type or Sub Type"", ""value"": ""Creature \u2014 Plant""}]"
1,122,78513,Soldier Ally Token,Soldier Ally Token,https://www.tcgplayer.com/product/78513/magic-worldwake-soldier-ally-token,https://tcgplayer-cdn.tcgplayer.com/product/78513_200w.jpg,2023-07-27T18:03:00.987,"[{""name"": ""Rarity"", ""displayName"": ""Rarity"", ""value"": ""T""}, {""name"": ""Number"", ""displayName"": ""#"", ""value"": ""1""}, {""name"": ""SubType"", ""displayName"": ""Creature Type or Sub Type"", ""value"": ""Creature \u2014 Soldier Ally""}]"
1,122,196796,Worldwake Intro Pack - Flyover,Worldwake Intro Pack Flyover,https://www.tcgplayer.com/product/196796/magic-worldwake-worldwake-intro-pack-flyover,https://tcgplayer-cdn.tcgplayer.com/product/196796_200w.jpg,2021-03-31T13:20:18.243,"[{""name"": ""OracleText"", ""displayName"": ""Rules Text Contains"", ""value"": ""The \""Flyover\"" deck puts you in command of a squadron of flying creatures. Halt your opponents' ground assaults and let loose a reign of terror from the air!\r\n<br>\r\n<br>Each intro pack includes:\r\n<br>\u2022 1 Premium card\r\n<br>\u2022 40-card preconstructed deck\r\n<br>\u2022 One Worldwake booster pack\r\n<br>\u2022 A strategy and mechanics guide\r\n<br>\u2022 A learn-to-play insert for new players""}]"
1,122,196797,Worldwake Intro Pack - Rapid Fire,Worldwake Intro Pack Rapid Fire,https://www.tcgplayer.com/product/196797/magic-worldwake-worldwake-intro-pack-rapid-fire,https://tcgplayer-cdn.tcgplayer.com/product/196797_200w.jpg,2021-03-31T13:20:36.753,"[{""name"": ""OracleText"", ""displayName"": ""Rules Text Contains"", ""value"": ""With the \""Rapid Fire\"" deck, you'll crush the opposition under a sudden avalanche of creatures. By the time they know what hit them, they'll already be buried!\r\n<br>\r\n<br>Each intro pack includes:\r\n<br>\u2022 1 Premium card\r\n<br>\u2022 40-card preconstructed deck\r\n<br>\u2022 One Worldwake booster pack\r\n<br>\u2022 A strategy and mechanics guide\r\n<br>\u2022 A learn-to-play insert for new players""}]"
1,122,196798,Worldwake Intro Pack - Fangs of the Bloodchief,Worldwake Intro Pack Fangs of the Bloodchief,https://www.tcgplayer.com/product/196798/magic-worldwake-worldwake-intro-pack-fangs-of-the-bloodchief,https://tcgplayer-cdn.tcgplayer.com/product/196798_200w.jpg,2021-03-31T13:20:05.863,"[{""name"": ""OracleText"", ""displayName"": ""Rules Text Contains"", ""value"": ""The \""Fangs of the Bloodchief \"" deck puts you in control of Zendikar's most insidious predators\u2014Vampires. With their assistance, you'll drain the life right out of your enemies. \r\n<br>\r\n<br>Each intro pack includes:\r\n<br>\u2022 1 Premium card\r\n<br>\u2022 40-card preconstructed deck\r\n<br>\u2022 One Worldwake booster pack\r\n<br>\u2022 A strategy and mechanics guide\r\n<br>\u2022 A learn-to-play insert for new players""}]"
1,122,196799,Worldwake Intro Pack - Brute Force,Worldwake Intro Pack Brute Force,https://www.tcgplayer.com/product/196799/magic-worldwake-worldwake-intro-pack-brute-force,https://tcgplayer-cdn.tcgplayer.com/product/196799_200w.jpg,2021-03-31T13:19:42.953,"[{""name"": ""OracleText"", ""displayName"": ""Rules Text Contains"", ""value"": ""The \""Brute Force\"" deck gives you the reins of Zendikar's largest monsters. Use them to stomp the competition into the ground!\r\n<br>\r\n<br>Each intro pack includes:\r\n<br>\u2022 1 Premium card\r\n<br>\u2022 40-card preconstructed deck\r\n<br>\u2022 One Worldwake booster pack\r\n<br>\u2022 A strategy and mechanics guide\r\n<br>\u2022 A learn-to-play insert for new players""}]"
1,122,196800,Worldwake Intro Pack - Mysterious Realms,Worldwake Intro Pack Mysterious Realms,https://www.tcgplayer.com/product/196800/magic-worldwake-worldwake-intro-pack-mysterious-realms,https://tcgplayer-cdn.tcgplayer.com/product/196800_200w.jpg,2021-03-31T13:20:27.637,"[{""name"": ""OracleText"", ""displayName"": ""Rules Text Contains"", ""value"": ""With the \""Mysterious Realms\"" deck, you'll unleash fearsome creatures summoned from the wilds of Zendikar upon your hapless enemies.\r\n<br>\r\n<br>Each intro pack includes:\r\n<br>\u2022 1 Premium card\r\n<br>\u2022 40-card preconstructed deck\r\n<br>\u2022 One Worldwake booster pack\r\n<br>\u2022 A strategy and mechanics guide\r\n<br>\u2022 A learn-to-play insert for new players""}]"
